,bg,eq_BG,CGM_glucose,IOB,rate,running_temp,unsafe_action_reason,LBGI,HBGI,BGI,Label,detection
0,300.0,305,300.0,-0.1,2.1,0.0,Null,0.0,169.75993762032834,339.5198752406567,0.0,0
1,300.0,296,300.0,0.1,2.1,2.1,Null,0.0,169.75993762032834,339.5198752406567,0.0,0
2,300.0,291,300.0,0.2,2.1,2.1,Null,0.0,169.75993762032834,339.5198752406567,0.0,0
3,300.0,300,300.0,0.0,2.1,0.0,Null,0.0,169.75993762032834,339.5198752406567,0.0,0
4,299.97,293,299.9735001229236,0.15,2.1,2.1,Null,0.0,169.75377421683407,339.50754843366815,0.0,0
5,299.87,289,299.8744241203011,0.249,2.1,2.1,Null,0.0,169.7304626778218,339.4609253556436,0.0,0
6,299.67,282,299.67174325713455,0.397,2.1,2.1,Null,0.0,169.68014118210914,339.3602823642183,0.0,0
7,299.32,277,299.3178192946351,0.493,2.1,2.1,Null,0.0,169.5909559195729,339.1819118391458,0.0,0
8,298.75,272,298.75373187655885,0.587,2.1,2.1,Null,0.0,169.44871269818162,338.89742539636325,0.0,0
9,297.91,267,297.91381737037295,0.679,2.1,2.1,Null,0.0,169.23726791553005,338.4745358310601,0.0,0
10,296.73,260,296.72959031658894,0.818,2.1,2.1,Null,0.0,168.93912464516288,337.87824929032575,0.0,0
11,295.13,253,295.13317371520253,0.905,2.1,2.1,Null,0.0,168.53606867881243,337.07213735762485,0.0,0
12,293.06,244,293.0603200746699,1.038,2.1,2.1,Null,0.0,168.00978924385362,336.01957848770724,0.0,0
13,290.45,237,290.4530662639267,1.118,2.1,2.1,Null,0.0,167.3424654068652,334.6849308137304,0.0,0
14,287.26,228,287.2620340824268,1.195,2.1,2.1,Null,0.0,166.51731149456663,333.03462298913325,0.0,0
15,141.72,80,283.44836603065346,1.218,0.0,2.1,row_37,0.0,165.51907871339785,331.0381574267957,0.0,100
