,bg,eq_BG,CGM_glucose,IOB,rate,running_temp,unsafe_action_reason,LBGI,HBGI,BGI,Label,detection
0,280.0,285,280.0,-0.1,2.1,0.0,Null,0.0,146.5547109009785,293.109421801957,0.0,0
1,280.0,276,280.0,0.1,2.1,2.1,Null,0.0,146.5547109009785,293.109421801957,0.0,0
2,280.0,271,280.0,0.2,2.1,2.1,Null,0.0,146.55471090097853,293.10942180195707,0.0,0
3,280.0,280,280.0,0.0,2.1,2.1,Null,0.0,146.5547109009785,293.109421801957,0.0,0
4,280.0,280,280.0,0.0,2.1,2.1,Null,0.0,146.5547109009785,293.109421801957,0.0,0
5,279.98,280,279.97542550590936,0.0,2.1,2.1,Null,0.0,146.5499741542825,293.099948308565,0.0,0
6,279.88,280,279.8835859784983,0.0,2.1,2.1,Null,0.0,146.5314178985817,293.0628357971634,0.0,0
7,279.67,273,279.6690387240942,0.15,2.1,2.1,Null,0.0,146.48648795123282,292.97297590246563,0.0,0
8,279.27,267,279.26809495969223,0.249,2.1,2.1,Null,0.0,146.40003258342242,292.80006516684483,0.0,0
9,278.61,260,278.61266934232225,0.397,2.1,2.1,Null,0.0,146.2551027844611,292.5102055689222,0.0,0
10,277.63,254,277.6336272817378,0.493,2.1,2.1,Null,0.0,146.0336758333134,292.0673516666268,0.0,0
11,276.26,248,276.2637364685358,0.587,2.1,2.1,Null,0.0,145.71731193872373,291.43462387744745,0.0,0
12,276.26,246,276.2637364685358,0.679,2.1,2.1,Null,0.0,145.44961941253246,290.8992388250649,0.0,0
13,276.26,241,276.2637364685358,0.818,2.1,2.1,Null,0.0,145.22016867579708,290.44033735159417,0.0,0
14,276.26,240,276.2637364685358,0.905,2.1,2.1,Null,0.0,145.02131137062642,290.04262274125284,0.0,0
15,276.26,235,276.2637364685358,1.038,2.1,2.1,Null,0.0,144.8473112286021,289.6946224572042,0.0,0
16,276.26,232,276.2637364685358,1.118,2.1,2.1,Null,0.0,144.69378169152182,289.38756338304364,0.0,0
