,bg,eq_BG,CGM_glucose,IOB,rate,running_temp,unsafe_action_reason,LBGI,HBGI,BGI,Label,detection
0,220,225,220.0,-0.1,2.1,0.0,Null,0.0,78.96870649548038,157.93741299096075,0.0,0
1,220,216,220.0,0.1,2.1,2.1,Null,0.0,78.96870649548038,157.93741299096075,0.0,0
2,220,211,220.0,0.2,2.1,2.1,Null,0.0,78.96870649548038,157.93741299096075,0.0,0
3,220,220,220.0,0.0,2.1,0.0,Null,0.0,78.96870649548038,157.93741299096075,0.0,0
4,220,213,220.0,0.15,2.1,2.1,Null,0.0,78.96870649548038,157.93741299096075,0.0,0
5,220,209,220.0,0.249,2.1,2.1,Null,0.0,78.96870649548038,157.93741299096075,0.0,0
