,bg,eq_BG,CGM_glucose,IOB,rate,running_temp,unsafe_action_reason,LBGI,HBGI,BGI,Label,detection
0,140,145,140.0,-0.1,2.1,0.0,Null,0.0,8.324939472904685,16.64987894580937,0.0,0
1,140,136,140.0,0.1,0.8,2.1,Null,0.0,8.324939472904685,16.64987894580937,0.0,0
2,140,136,140.0,0.1,1.85,0.8,Null,0.0,8.324939472904685,16.64987894580937,0.0,0
3,140,131,140.0,0.2,0.85,1.85,Null,0.0,8.324939472904685,16.64987894580937,0.0,0
4,140,131,140.0,0.198,1.6,0.85,Null,0.0,8.324939472904685,16.64987894580937,0.0,0
5,140,130,140.0,0.247,0.9,1.6,Null,0.0,8.324939472904685,16.64987894580937,0.0,0
6,140,128,140.0,0.294,1.4,0.9,Null,0.0,8.324939472904685,16.64987894580937,0.0,0
7,140,126,140.0,0.34,0.95,1.4,Null,0.0,8.324939472904685,16.64987894580937,0.0,0
8,140,127,140.0,0.335,1.3,0.95,Null,0.0,8.324939472904685,16.64987894580937,0.0,0
9,140,125,140.0,0.379,1.0,1.3,Null,0.0,8.324939472904685,16.64987894580937,0.0,0
