,bg,eq_BG,CGM_glucose,IOB,rate,running_temp,unsafe_action_reason,LBGI,HBGI,BGI,Label,detection
0,280.0,285,280.0,-0.1,2.1,0.0,Null,0.0,146.5547109009785,293.109421801957,0.0,0
1,280.0,276,280.0,0.1,2.1,2.1,Null,0.0,146.5547109009785,293.109421801957,0.0,0
2,280.0,271,280.0,0.2,2.1,2.1,Null,0.0,146.55471090097853,293.10942180195707,0.0,0
3,280.0,265,280.0,0.349,2.1,2.1,Null,0.0,146.5547109009785,293.109421801957,0.0,0
4,279.99,280,279.9906791763069,0.0,2.1,0.0,Null,0.0,146.55255498152766,293.1051099630553,0.0,0
5,279.96,273,279.9560550961969,0.15,2.1,2.1,Null,0.0,146.54444393315254,293.0888878663051,0.0,0
6,279.88,269,279.87565389668396,0.249,2.1,2.1,Null,0.0,146.52536727293537,293.05073454587074,0.0,0
7,279.74,262,279.7376462934025,0.397,2.1,2.1,Null,0.0,146.49111054968864,292.9822210993773,0.0,0
8,279.53,257,279.5256446924724,0.493,2.1,2.1,Null,0.0,146.43722832966597,292.87445665933194,0.0,0
9,139.61,115,279.22044535468683,0.537,0.7,2.1,Null,0.0,146.35883554664215,292.7176710932843,0.0,0
