,bg,eq_BG,CGM_glucose,IOB,rate,running_temp,unsafe_action_reason,LBGI,HBGI,BGI,Label,detection
0,260,265,260.0,-0.1,2.1,0.0,Null,0.0,123.5514866456562,247.1029732913124,0.0,0
1,260,256,260.0,0.1,2.1,2.1,Null,0.0,123.5514866456562,247.1029732913124,0.0,0
2,260,251,260.0,0.2,2.1,2.1,Null,0.0,123.5514866456562,247.1029732913124,0.0,0
3,260,260,260.0,0.0,2.1,0.0,Null,0.0,123.5514866456562,247.1029732913124,0.0,0
4,260,253,260.0,0.15,2.1,2.1,Null,0.0,123.5514866456562,247.1029732913124,0.0,0
5,260,249,260.0,0.249,2.1,2.1,Null,0.0,123.5514866456562,247.1029732913124,0.0,0
6,260,243,260.0,0.397,2.1,2.1,Null,0.0,123.5514866456562,247.1029732913124,0.0,0
