,bg,eq_BG,CGM_glucose,IOB,rate,running_temp,unsafe_action_reason,LBGI,HBGI,BGI,Label,detection
0,120.0,125,120.0,-0.1,1.35,0.0,Null,0.0,0.7206566170199675,1.441313234039935,0.0,0
1,120.0,120,120.0,0.0,1.15,0.0,Null,0.0,0.7206566170199675,1.441313234039935,0.0,0
2,120.0,118,120.0,0.05,0.75,1.15,Null,0.0,0.7206566170199675,1.441313234039935,0.0,0
3,120.0,116,120.0,0.099,0.95,0.75,Null,0.0,0.7206566170199675,1.441313234039935,0.0,0
4,120.0,116,120.0023808655121,0.099,0.95,0.95,Null,0.0,0.7207455111560314,1.4414910223120627,0.0,0
5,120.0,113,120.00487949709779,0.148,0.95,0.95,Null,0.0,0.7208825395494716,1.4417650790989431,0.0,0
6,120.0,114,120.00408093097562,0.146,0.8,0.95,Null,0.0,0.720959111344601,1.441918222689202,0.0,0
7,119.99,114,119.99472043713226,0.144,0.8,0.8,Null,0.0,0.7207981552285037,1.4415963104570073,0.0,0
8,119.97,115,119.9703296417239,0.142,0.8,0.8,Null,0.0,0.7201681814155585,1.440336362831117,0.0,0
9,119.92,114,119.9237567568244,0.139,0.9,0.8,Null,0.0,0.7188004733413065,1.437600946682613,0.0,0
10,119.85,111,119.84840808761983,0.186,0.7,0.9,Null,0.0,0.7164205544470272,1.4328411088940545,0.0,0
11,119.74,114,119.73833522096488,0.132,0.9,0.7,Null,0.0,0.7127681620576791,1.4255363241153582,0.0,0
12,119.59,112,119.58829585942003,0.178,0.7,0.9,Null,0.0,0.7076117441567714,1.4152234883135428,0.0,0
13,119.59,115,119.58829585942003,0.124,0.9,0.7,Null,0.0,0.7031919573845649,1.4063839147691297,0.0,0
14,119.59,113,119.58829585942003,0.17,0.9,0.9,Null,0.0,0.699361475515319,1.398722951030638,0.0,0
15,119.59,113,119.58829585942003,0.166,0.9,0.9,Null,0.0,0.6960098038797291,1.3920196077594582,0.0,0
16,119.59,113,119.58829585942003,0.161,0.8,0.9,Null,0.0,0.6930524465542086,1.3861048931084172,0.0,0
17,119.59,112,119.58829585942003,0.205,0.8,0.8,Null,0.0,0.6904236844870791,1.3808473689741583,0.0,0
