,bg,eq_BG,CGM_glucose,IOB,rate,running_temp,unsafe_action_reason,LBGI,HBGI,BGI,Label,detection
0,240.0,245,240.0,-0.1,2.1,0.0,Null,0.0,100.93578704822124,201.8715740964425,0.0,0
1,240.0,236,240.0,0.1,2.1,2.1,Null,0.0,100.93578704822124,201.8715740964425,0.0,0
2,240.0,231,240.0,0.2,2.1,2.1,Null,0.0,100.93578704822124,201.8715740964425,0.0,0
3,240.0,240,240.0,0.0,2.1,0.0,Null,0.0,100.93578704822124,201.8715740964425,0.0,0
4,239.98,233,239.97927627188082,0.15,2.1,2.1,Null,0.0,100.93115686554748,201.86231373109496,0.0,0
5,239.9,229,239.9019078550924,0.249,2.1,2.1,Null,0.0,100.91366610770486,201.8273322154097,0.0,0
6,239.74,222,239.74445117658124,0.397,2.1,2.1,Null,0.0,100.87605039915917,201.75210079831834,0.0,0
7,239.47,217,239.4704536191261,0.493,2.1,2.1,Null,0.0,100.80959859430509,201.61919718861017,0.0,0
8,119.52,95,239.03470433114845,0.537,0.0,2.1,row_37,0.0,100.70388425342128,201.40776850684256,0.0,100
