,bg,eq_BG,CGM_glucose,IOB,rate,running_temp,unsafe_action_reason,LBGI,HBGI,BGI,Label,detection
0,220.0,225,220.0,-0.1,2.1,0.0,Null,0.0,78.96870649548038,157.93741299096075,0.0,0
1,220.0,216,220.0,0.1,2.1,2.1,Null,0.0,78.96870649548038,157.93741299096075,0.0,0
2,220.0,211,220.0,0.2,2.1,2.1,Null,0.0,78.96870649548038,157.93741299096075,0.0,0
3,220.0,205,220.0,0.349,2.1,2.1,Null,0.0,78.96870649548038,157.93741299096075,0.0,0
4,220.0,201,220.0,0.446,2.1,2.1,Null,0.0,78.96870649548038,157.93741299096075,0.0,0
5,219.98,198,219.98120165486657,0.541,2.1,2.1,Null,0.0,78.96533381529719,157.93066763059437,0.0,0
6,219.98,220,219.98120165486657,0.0,2.1,0.0,Null,0.0,78.96292475802346,157.92584951604692,0.0,0
7,219.98,213,219.98120165486657,0.15,2.1,2.1,Null,0.0,78.96111796506818,157.92223593013637,0.0,0
8,219.98,209,219.98120165486657,0.249,2.1,2.1,Null,0.0,78.95971268165852,157.91942536331703,0.0,0
9,219.98,203,219.98120165486657,0.397,2.1,2.1,Null,0.0,78.95858845493078,157.91717690986155,0.0,0
