,bg,eq_BG,CGM_glucose,IOB,rate,running_temp,unsafe_action_reason,LBGI,HBGI,BGI,Label,detection
0,160,165,160.0,-0.1,2.1,0.0,Null,0.0,21.656145843721255,43.31229168744251,0.0,0
1,160,156,160.0,0.1,1.7,2.1,Null,0.0,21.656145843721255,43.31229168744251,0.0,0
2,160,153,160.0,0.15,1.7,1.7,Null,0.0,21.656145843721255,43.31229168744251,0.0,0
3,160,149,160.0,0.249,1.7,1.7,Null,0.0,21.656145843721255,43.31229168744251,0.0,0
4,160,145,160.0,0.347,1.9,1.7,Null,0.0,21.656145843721255,43.31229168744251,0.0,0
5,160,141,160.0,0.444,1.3,1.9,Null,0.0,21.656145843721255,43.31229168744251,0.0,0
6,160,140,160.0,0.488,1.7,1.3,Null,0.0,21.656145843721255,43.31229168744251,0.0,0
