,bg,eq_BG,CGM_glucose,IOB,rate,running_temp,unsafe_action_reason,LBGI,HBGI,BGI,Label,detection
0,240.0,245,240.0,-0.1,2.1,0.0,Null,0.0,100.93578704822124,201.8715740964425,0.0,0
1,240.0,236,240.0,0.1,2.1,2.1,Null,0.0,100.93578704822124,201.8715740964425,0.0,0
2,240.0,231,240.0,0.2,2.1,2.1,Null,0.0,100.93578704822124,201.8715740964425,0.0,0
3,240.0,225,240.0,0.349,2.1,2.1,Null,0.0,100.93578704822124,201.8715740964425,0.0,0
4,240.0,221,240.0,0.446,2.1,2.1,Null,0.0,100.93578704822124,201.8715740964425,0.0,0
5,239.98,218,239.97927627188082,0.541,2.1,2.1,Null,0.0,100.93192856265978,201.86385712531956,0.0,0
6,239.98,213,239.97927627188082,0.634,2.1,2.1,Null,0.0,100.92917250154443,201.85834500308886,0.0,0
7,239.98,208,239.97927627188082,0.775,2.1,2.1,Null,0.0,100.92710545570793,201.85421091141586,0.0,0
8,239.98,205,239.97927627188082,0.862,2.1,2.1,Null,0.0,100.92549775339064,201.8509955067813,0.0,0
