,bg,eq_BG,CGM_glucose,IOB,rate,running_temp,unsafe_action_reason,LBGI,HBGI,BGI,Label,detection
0,280.0,285,280.0,-0.1,2.1,0.0,Null,0.0,146.5547109009785,293.109421801957,0.0,0
1,280.0,276,280.0,0.1,2.1,2.1,Null,0.0,146.5547109009785,293.109421801957,0.0,0
2,280.0,271,280.0,0.2,2.1,2.1,Null,0.0,146.55471090097853,293.10942180195707,0.0,0
3,280.0,280,280.0,0.0,2.1,0.0,Null,0.0,146.5547109009785,293.109421801957,0.0,0
4,279.98,273,279.97542550590936,0.15,2.1,2.1,Null,0.0,146.5490268049433,293.0980536098866,0.0,0
5,279.88,269,279.8835859784983,0.249,2.1,2.1,Null,0.0,146.5275357315156,293.0550714630312,0.0,0
6,279.7,262,279.69598287369,0.397,2.1,2.1,Null,0.0,146.48119280163365,292.9623856032673,0.0,0
7,279.37,257,279.36871000251233,0.493,2.1,2.1,Null,0.0,146.3991333900937,292.7982667801874,0.0,0
8,278.85,252,278.84742232506153,0.587,2.1,2.1,Null,0.0,146.2683494025837,292.5366988051674,0.0,0
9,278.07,248,278.0715623654825,0.679,2.1,2.1,Null,0.0,146.0740542151558,292.1481084303116,0.0,0
10,276.98,240,276.97800413749627,0.818,2.1,2.1,Null,0.0,145.8002394973906,291.6004789947812,0.0,0
11,275.5,235,275.50423271586226,0.905,2.1,2.1,Null,0.0,145.43027030731514,290.8605406146303,0.0,0
12,273.59,226,273.5911365073653,1.038,2.1,2.1,Null,0.0,144.9474668872582,289.8949337745164,0.0,0
13,271.19,219,271.1854533064205,1.118,2.1,2.1,Null,0.0,144.3356552037317,288.6713104074634,0.0,0
14,134.12,79,268.2418825102341,1.144,0.0,2.1,row_37,0.0,143.57967962570416,287.1593592514083,0.0,100
