,bg,eq_BG,CGM_glucose,IOB,rate,running_temp,unsafe_action_reason,LBGI,HBGI,BGI,Label,detection
0,320.0,325,320.0,-0.1,2.1,0.0,Null,0.0,193.03371819624064,386.0674363924813,0.0,0
1,320.0,316,320.0,0.1,2.1,2.1,Null,0.0,193.03371819624064,386.0674363924813,0.0,0
2,320.0,311,320.0,0.2,2.1,2.1,Null,0.0,193.03371819624064,386.0674363924813,0.0,0
3,320.0,320,320.0,0.0,2.1,0.0,Null,0.0,193.03371819624064,386.0674363924813,0.0,0
4,319.97,313,319.9715747399378,0.15,2.1,2.1,Null,0.0,193.02710268935175,386.0542053787035,0.0,0
5,319.87,309,319.8652618021538,0.249,2.1,2.1,Null,0.0,193.00207345341875,386.0041469068375,0.0,0
6,319.65,302,319.6475009049199,0.397,2.1,2.1,Null,0.0,192.9479947309028,385.8959894618056,0.0,0
7,319.27,297,319.26691911554644,0.493,2.1,2.1,Null,0.0,192.85207504741638,385.70415009483276,0.0,0
8,318.66,292,318.6600166210372,0.587,2.1,2.1,Null,0.0,192.69899572855135,385.3979914571027,0.0,0
9,317.76,287,317.7560178347536,0.679,2.1,2.1,Null,0.0,192.47132623318345,384.9426524663669,0.0,0
10,316.48,279,316.4810702846337,0.818,2.1,2.1,Null,0.0,192.15015696426047,384.30031392852095,0.0,0
11,314.76,273,314.76192563114836,0.905,2.1,2.1,Null,0.0,191.7157735806374,383.4315471612748,0.0,0
12,312.53,266,312.52918963300294,0.988,2.1,2.1,Null,0.0,191.14831405173774,382.2966281034755,0.0,0
13,154.86,105,309.72018606991355,1.018,0.25,2.1,Null,0.0,190.42838849871646,380.8567769974329,0.0,0
