,bg,eq_BG,CGM_glucose,IOB,rate,running_temp,unsafe_action_reason,LBGI,HBGI,BGI,Label,detection
0,300.0,305,300.0,-0.1,2.1,0.0,Null,0.0,169.75993762032834,339.5198752406567,0.0,0
1,300.0,296,300.0,0.1,2.1,2.1,Null,0.0,169.75993762032834,339.5198752406567,0.0,0
2,300.0,291,300.0,0.2,2.1,2.1,Null,0.0,169.75993762032834,339.5198752406567,0.0,0
3,300.0,300,300.0,0.0,2.1,0.0,Null,0.0,169.75993762032834,339.5198752406567,0.0,0
4,299.97,293,299.9735001229236,0.15,2.1,2.1,Null,0.0,169.75377421683407,339.50754843366815,0.0,0
5,299.87,289,299.8744241203011,0.249,2.1,2.1,Null,0.0,169.7304626778218,339.4609253556436,0.0,0
6,299.67,282,299.67174325713455,0.397,2.1,2.1,Null,0.0,169.68014118210914,339.3602823642183,0.0,0
7,299.32,277,299.3178192946351,0.493,2.1,2.1,Null,0.0,169.5909559195729,339.1819118391458,0.0,0
8,298.75,272,298.75373187655885,0.587,2.1,2.1,Null,0.0,169.44871269818162,338.89742539636325,0.0,0
9,297.91,267,297.91381737037295,0.679,2.1,2.1,Null,0.0,169.23726791553005,338.4745358310601,0.0,0
10,296.73,260,296.72959031658894,0.818,2.1,2.1,Null,0.0,168.93912464516288,337.87824929032575,0.0,0
11,296.73,258,296.72959031658894,0.905,2.1,2.1,Null,0.0,168.69067191985687,337.38134383971374,0.0,0
12,296.73,254,296.72959031658894,1.038,2.1,2.1,Null,0.0,168.48044269075177,336.96088538150354,0.0,0
13,296.73,252,296.72959031658894,1.118,2.1,2.1,Null,0.0,168.30024620866172,336.60049241732344,0.0,0
14,296.73,250,296.72959031658894,1.195,2.1,2.1,Null,0.0,168.14407592418365,336.2881518483673,0.0,0
15,296.73,248,296.72959031658894,1.268,2.1,2.1,Null,0.0,168.00742692526535,336.0148538505307,0.0,0
