,bg,eq_BG,CGM_glucose,IOB,rate,running_temp,unsafe_action_reason,LBGI,HBGI,BGI,Label,detection
0,300.0,305,300.0,-0.1,2.1,0.0,Null,0.0,169.75993762032834,339.5198752406567,0.0,0
1,300.0,296,300.0,0.1,2.1,2.1,Null,0.0,169.75993762032834,339.5198752406567,0.0,0
2,300.0,291,300.0,0.2,2.1,2.1,Null,0.0,169.75993762032834,339.5198752406567,0.0,0
3,300.0,285,300.0,0.349,2.1,2.1,Null,0.0,169.75993762032834,339.5198752406567,0.0,0
4,300.0,300,300.0,0.0,2.1,2.1,Null,0.0,169.75993762032834,339.5198752406567,0.0,0
5,299.99,300,299.98974011834014,0.0,2.1,2.1,Null,0.0,169.757949061956,339.515898123912,0.0,0
6,299.95,300,299.95161150808394,0.0,2.1,2.1,Null,0.0,169.75019436213853,339.50038872427706,0.0,0
7,299.86,293,299.8630341770974,0.15,2.1,2.1,Null,0.0,169.73150253012764,339.4630050602553,0.0,0
8,299.7,288,299.6983947389965,0.249,2.1,2.1,Null,0.0,169.69569160367783,339.39138320735566,0.0,0
9,299.43,282,299.430623090539,0.397,2.1,2.1,Null,0.0,169.63590527356268,339.27181054712537,0.0,0
10,299.03,277,299.03247242457644,0.493,2.1,2.1,Null,0.0,169.54490163027037,339.08980326054075,0.0,0
11,298.48,272,298.4775536204656,0.587,2.1,2.1,Null,0.0,169.41529831133036,338.8305966226607,0.0,0
12,297.74,267,297.7411636953366,0.679,2.1,2.1,Null,0.0,169.2397792692272,338.4795585384544,0.0,0
13,296.8,260,296.80093886711677,0.818,2.1,2.1,Null,0.0,169.01126796559765,338.0225359311953,0.0,0
14,295.64,255,295.6373557778032,0.905,2.1,2.1,Null,0.0,168.72307109532647,337.44614219065295,0.0,0
15,294.23,250,294.2340993015622,0.988,2.1,2.1,Null,0.0,168.36899626625535,336.7379925325107,0.0,0
16,146.29,99,292.5783118022609,1.018,0.0,2.1,row_37,0.0,167.94344649285108,335.88689298570216,0.0,100
