,bg,eq_BG,CGM_glucose,IOB,rate,running_temp,unsafe_action_reason,LBGI,HBGI,BGI,Label,detection
0,280.0,285,280.0,-0.1,2.1,0.0,Null,0.0,146.5547109009785,293.109421801957,0.0,0
1,280.0,276,280.0,0.1,2.1,2.1,Null,0.0,146.5547109009785,293.109421801957,0.0,0
2,280.0,280,280.0,0.0,2.1,0.0,Null,0.0,146.55471090097853,293.10942180195707,0.0,0
3,280.0,273,280.0,0.15,2.1,2.1,Null,0.0,146.5547109009785,293.109421801957,0.0,0
4,279.99,269,279.9906791763069,0.249,2.1,2.1,Null,0.0,146.55255498152766,293.1051099630553,0.0,0
5,279.97,263,279.9674294926068,0.397,2.1,2.1,Null,0.0,146.54663632969638,293.09327265939277,0.0,0
6,279.92,259,279.917901906906,0.493,2.1,2.1,Null,0.0,146.5342261919562,293.0684523839124,0.0,0
7,279.82,254,279.82436387025984,0.587,2.1,2.1,Null,0.0,146.51139713504045,293.0227942700809,0.0,0
8,279.67,251,279.6656227440745,0.679,2.1,2.1,Null,0.0,146.47324503923562,292.94649007847124,0.0,0
9,279.42,245,279.41859088186106,0.818,2.1,2.1,Null,0.0,146.41415954297625,292.8283190859525,0.0,0
10,279.06,240,279.05955549955104,0.905,2.1,2.1,Null,0.0,146.3280813535714,292.6561627071428,0.0,0
11,279.06,236,279.05955549955104,1.038,2.1,2.1,Null,0.0,146.2563495290674,292.5126990581348,0.0,0
12,279.06,235,279.05955549955104,1.118,2.1,2.1,Null,0.0,146.19565336987168,292.39130673974336,0.0,0
13,279.06,232,279.05955549955104,1.195,2.1,2.1,Null,0.0,146.14362809056107,292.28725618112213,0.0,0
14,279.06,230,279.05955549955104,1.268,2.1,2.1,Null,0.0,146.0985395151585,292.197079030317,0.0,0
