,bg,eq_BG,CGM_glucose,IOB,rate,running_temp,unsafe_action_reason,LBGI,HBGI,BGI,Label,detection
0,260.0,265,260.0,-0.1,2.1,0.0,Null,0.0,123.5514866456562,247.1029732913124,0.0,0
1,260.0,256,260.0,0.1,2.1,2.1,Null,0.0,123.5514866456562,247.1029732913124,0.0,0
2,260.0,260,260.0,0.0,2.1,0.0,Null,0.0,123.5514866456562,247.1029732913124,0.0,0
3,260.0,253,260.0,0.15,2.1,2.1,Null,0.0,123.5514866456562,247.1029732913124,0.0,0
4,259.98,249,259.9773508888951,0.249,2.1,2.1,Null,0.0,123.54631234135385,247.0926246827077,0.0,0
5,259.92,242,259.91777506424586,0.397,2.1,2.1,Null,0.0,123.53152119532936,247.06304239065872,0.0,0
6,259.79,238,259.78866152295717,0.493,2.1,2.1,Null,0.0,123.49988944784792,246.99977889569584,0.0,0
7,259.54,233,259.5443283581928,0.587,2.1,2.1,Null,0.0,123.44128809761271,246.88257619522543,0.0,0
8,259.13,229,259.1304340501434,0.679,2.1,2.1,Null,0.0,123.34320685693271,246.68641371386542,0.0,0
9,258.49,222,258.48772524942177,0.818,2.1,2.1,Null,0.0,123.19140037428721,246.38280074857443,0.0,0
10,257.56,219,257.55527031491914,0.905,2.1,2.1,Null,0.0,122.97052955946384,245.94105911892768,0.0,0
11,256.27,211,256.2732856622724,1.038,2.1,2.1,Null,0.0,122.66476626386294,245.3295325277259,0.0,0
12,254.59,204,254.58562246064213,1.118,2.1,2.1,Null,0.0,122.25835537447195,244.5167107489439,0.0,0
13,252.44,199,252.44194763770372,1.195,2.1,2.1,Null,0.0,121.73613487002524,243.47226974005048,0.0,0
14,249.8,191,249.7996269604196,1.268,2.1,2.1,Null,0.0,121.08401503090019,242.16803006180038,0.0,0
15,246.63,181,246.625299585911,1.388,1.9,2.1,Null,0.0,120.28941696352328,240.57883392704656,0.0,0
16,242.9,172,242.8961227674121,1.454,1.8,1.9,Null,0.0,119.34166929776927,238.68333859553854,0.0,0
17,238.6,163,238.60066181644595,1.516,0.7,1.8,Null,0.0,118.23236081141714,236.46472162283428,0.0,0
18,116.87,45,233.7394031364954,1.376,0.0,0.7,row_37,0.0,116.95564595889074,233.91129191778148,0.0,100
