,bg,eq_BG,CGM_glucose,IOB,rate,running_temp,unsafe_action_reason,LBGI,HBGI,BGI,Label,detection
0,140.0,145,140.0,-0.1,2.1,0.0,Null,0.0,8.324939472904685,16.64987894580937,0.0,0
1,140.0,136,140.0,0.1,0.8,2.1,Null,0.0,8.324939472904685,16.64987894580937,0.0,0
2,140.0,140,140.0,0.0,2.05,0.0,Null,0.0,8.324939472904685,16.64987894580937,0.0,0
3,140.0,133,140.0,0.15,0.8,2.05,Null,0.0,8.324939472904685,16.64987894580937,0.0,0
4,140.0,133,139.9972465114939,0.149,1.7,0.8,Null,0.0,8.324639225613108,16.649278451226216,0.0,0
5,139.99,131,139.9921536724875,0.198,0.9,1.7,Null,0.0,8.323976327516583,16.647952655033166,0.0,0
6,139.97,130,139.9743189221988,0.246,1.5,0.9,Null,0.0,8.322114274668005,16.64422854933601,0.0,0
7,139.93,128,139.9336317034249,0.293,0.9,1.5,Null,0.0,8.317948024180799,16.635896048361598,0.0,0
8,139.85,128,139.85472181245333,0.289,1.4,0.9,Null,0.0,8.309940172706735,16.61988034541347,0.0,0
9,139.72,126,139.72392712896539,0.334,0.9,1.4,Null,0.0,8.296441295366499,16.592882590732998,0.0,0
10,139.72,126,139.72392712896539,0.329,1.3,0.9,Null,0.0,8.285396759360852,16.570793518721704,0.0,0
11,139.72,125,139.72392712896539,0.372,1.0,1.3,Null,0.0,8.276192979356146,16.552385958712293,0.0,0
12,139.72,125,139.72392712896539,0.365,1.25,1.0,Null,0.0,8.26840516550601,16.53681033101202,0.0,0
13,139.72,121,139.72392712896539,0.456,0.9,1.25,Null,0.0,8.261729896491607,16.523459792983214,0.0,0
