,bg,eq_BG,CGM_glucose,IOB,rate,running_temp,unsafe_action_reason,LBGI,HBGI,BGI,Label,detection
0,160.0,165,160.0,-0.1,2.1,0.0,Null,0.0,21.656145843721255,43.31229168744251,0.0,0
1,160.0,156,160.0,0.1,1.7,2.1,Null,0.0,21.656145843721255,43.31229168744251,0.0,0
2,160.0,153,160.0,0.15,1.7,1.7,Null,0.0,21.656145843721255,43.31229168744251,0.0,0
3,160.0,160,160.0,0.0,2.05,1.7,Null,0.0,21.656145843721255,43.31229168744251,0.0,0
4,160.0,153,160.0,0.15,0.8,2.05,Null,0.0,21.656145843721255,43.31229168744251,0.0,0
5,159.99,153,159.98991172019635,0.149,1.7,0.8,Null,0.0,21.654849254747287,43.309698509494574,0.0,0
6,159.95,151,159.95238461904916,0.198,0.85,1.7,Null,0.0,21.649790144441937,43.299580288883874,0.0,0
7,159.86,149,159.8625570486239,0.246,1.5,0.85,Null,0.0,21.637345885616853,43.274691771233705,0.0,0
8,159.7,147,159.6998520814258,0.293,0.9,1.5,Null,0.0,21.613760823423384,43.22752164684677,0.0,0
9,159.44,146,159.4409669117139,0.289,1.3,0.9,Null,0.0,21.57502825573102,43.15005651146204,0.0,0
10,159.07,144,159.06762172357028,0.334,1.1,1.3,Null,0.0,21.517392832746246,43.03478566549249,0.0,0
11,158.56,144,158.56129027418717,0.329,1.1,1.1,Null,0.0,21.437279135905488,42.874558271810976,0.0,0
12,78.95,67,157.90849632456488,0.272,0.0,1.1,row_37,0.0,21.33157786988709,42.66315573977418,0.0,100
