,bg,eq_BG,CGM_glucose,IOB,rate,running_temp,unsafe_action_reason,LBGI,HBGI,BGI,Label,detection
0,240.0,245,240.0,-0.1,2.1,0.0,Null,0.0,100.93578704822124,201.8715740964425,0.0,0
1,240.0,236,240.0,0.1,2.1,2.1,Null,0.0,100.93578704822124,201.8715740964425,0.0,0
2,240.0,231,240.0,0.2,2.1,2.1,Null,0.0,100.93578704822124,201.8715740964425,0.0,0
3,240.0,240,240.0,0.0,2.1,0.0,Null,0.0,100.93578704822124,201.8715740964425,0.0,0
4,239.98,233,239.97927627188082,0.15,2.1,2.1,Null,0.0,100.93115686554748,201.86231373109496,0.0,0
5,239.9,229,239.9019078550924,0.249,2.1,2.1,Null,0.0,100.91366610770486,201.8273322154097,0.0,0
6,239.74,222,239.74445117658124,0.397,2.1,2.1,Null,0.0,100.87605039915917,201.75210079831834,0.0,0
7,239.47,217,239.4704536191261,0.493,2.1,2.1,Null,0.0,100.80959859430509,201.61919718861017,0.0,0
8,239.03,213,239.03470433114845,0.587,2.1,2.1,Null,0.0,100.70388425342128,201.40776850684256,0.0,0
9,238.39,209,238.38683518241737,0.679,2.1,2.1,Null,0.0,100.5470725333432,201.0941450666864,0.0,0
10,237.47,201,237.47440933863024,0.818,2.1,2.1,Null,0.0,100.32638933477975,200.6527786695595,0.0,0
11,236.25,196,236.24559950243213,0.905,2.1,2.1,Null,0.0,100.02862484462167,200.05724968924335,0.0,0
12,234.65,188,234.65152320960257,1.038,2.1,2.1,Null,0.0,99.64062816942963,199.28125633885927,0.0,0
13,232.65,181,232.64827240393103,1.118,2.1,2.1,Null,0.0,99.14977740769311,198.29955481538622,0.0,0
14,230.2,174,230.19865059708664,1.195,2.1,2.1,Null,0.0,98.54441871229699,197.08883742459398,0.0,0
15,227.27,166,227.2736138774825,1.268,2.1,2.1,Null,0.0,97.8142706613232,195.6285413226464,0.0,0
16,223.85,156,223.85340183243852,1.388,0.7,2.1,Null,0.0,96.95079076965307,193.90158153930614,0.0,0
17,219.93,154,219.92834064252978,1.304,0.7,0.7,Null,0.0,95.94750079691772,191.89500159383545,0.0,0
18,219.93,164,219.92834064252978,1.267,2.1,0.7,Null,0.0,95.04982029499665,190.0996405899933,0.0,0
19,219.93,166,219.92834064252978,1.378,1.95,2.1,Null,0.0,94.24190784326767,188.48381568653534,0.0,0
20,219.93,166,219.92834064252978,1.437,1.85,1.95,Null,0.0,93.5109394345605,187.021878869121,0.0,0
21,219.93,165,219.92834064252978,1.493,1.7,1.85,Null,0.0,92.84642269937216,185.6928453987443,0.0,0
22,219.93,166,219.92834064252978,1.497,1.7,1.7,Null,0.0,92.23969002811324,184.4793800562265,0.0,0
