,bg,eq_BG,CGM_glucose,IOB,rate,running_temp,unsafe_action_reason,LBGI,HBGI,BGI,Label,detection
0,180.0,185,180.0,-0.1,2.1,0.0,Null,0.0,38.64655755271278,77.29311510542556,0.0,0
1,180.0,176,180.0,0.1,2.1,2.1,Null,0.0,38.64655755271278,77.29311510542556,0.0,0
2,180.0,171,180.0,0.2,2.1,2.1,Null,0.0,38.64655755271278,77.29311510542556,0.0,0
3,180.0,165,180.0,0.349,2.1,2.1,Null,0.0,38.64655755271278,77.29311510542556,0.0,0
4,180.0,161,180.0,0.446,2.1,2.1,Null,0.0,38.64655755271278,77.29311510542556,0.0,0
5,179.99,158,179.9850524208381,0.541,2.1,2.1,Null,0.0,38.64427190086895,77.2885438017379,0.0,0
6,179.93,153,179.92938300414912,0.634,2.1,2.1,Null,0.0,38.63534453575521,77.27068907151042,0.0,0
7,179.8,147,179.79978655336768,0.775,1.35,2.1,Null,0.0,38.613798652382904,77.22759730476581,0.0,0
8,179.56,145,179.55844950961327,0.812,1.85,1.35,Null,0.0,38.57248822198053,77.14497644396106,0.0,0
9,179.56,180,179.55844950961327,0.0,2.1,0.0,Null,0.0,38.53943987765863,77.07887975531726,0.0,0
10,179.56,173,179.55844950961327,0.15,2.1,2.1,Null,0.0,38.51240032321344,77.02480064642688,0.0,0
11,179.56,168,179.55844950961327,0.249,2.1,2.1,Null,0.0,38.48986736117578,76.97973472235157,0.0,0
12,179.56,163,179.55844950961327,0.397,2.1,2.1,Null,0.0,38.47080100868238,76.94160201736476,0.0,0
13,179.56,158,179.55844950961327,0.493,2.1,2.1,Null,0.0,38.45445842083089,76.90891684166178,0.0,0
14,76.56,-87,179.55844950961327,0.587,0.0,2.1,row_37,0.0,38.440294844692936,76.88058968938587,0.0,100
