,bg,eq_BG,CGM_glucose,IOB,rate,running_temp,unsafe_action_reason,LBGI,HBGI,BGI,Label,detection
0,200.0,205,200.0,-0.1,2.1,0.0,Null,0.0,58.02374061481669,116.04748122963338,0.0,0
1,200.0,196,200.0,0.1,2.1,2.1,Null,0.0,58.02374061481669,116.04748122963338,0.0,0
2,200.0,191,200.0,0.2,2.1,2.1,Null,0.0,58.02374061481669,116.04748122963338,0.0,0
3,200.0,185,200.0,0.349,2.1,2.1,Null,0.0,58.02374061481669,116.04748122963338,0.0,0
4,200.0,181,200.0,0.446,2.1,2.1,Null,0.0,58.02374061481669,116.04748122963338,0.0,0
5,199.98,178,199.9831270378523,0.541,2.1,2.1,Null,0.0,58.020890514905616,116.04178102981123,0.0,0
6,199.92,173,199.92022605208595,0.634,2.1,2.1,Null,0.0,58.009749029804865,116.01949805960973,0.0,0
7,199.5,200,199.50042865893252,0.0,2.1,0.0,Null,0.0,57.94826753551342,115.89653507102685,0.0,0
8,199.05,192,199.0549268460269,0.15,2.05,2.1,Null,0.0,57.850418225721334,115.70083645144267,0.0,0
9,198.39,187,198.3911541060669,0.249,1.85,2.05,Null,0.0,57.705195927306036,115.41039185461207,0.0,0
10,197.48,183,197.48384776607136,0.347,1.65,1.85,Null,0.0,57.50345193989297,115.00690387978594,0.0,0
11,196.31,175,196.30555221588077,0.394,1.5,1.65,Null,0.0,57.23703086086281,114.47406172172562,0.0,0
12,194.83,169,194.82936455253017,0.489,1.35,1.5,Null,0.0,56.89854853795688,113.79709707591375,0.0,0
13,193.03,164,193.0325272177607,0.532,1.3,1.35,Null,0.0,56.481551594876066,112.96310318975213,0.0,0
14,87.9,-61,190.89913095024855,0.574,0.0,1.3,row_37,0.0,55.98081697838137,111.96163395676274,0.0,100
15,85.42,-50,188.4215594866021,0.414,0.0,0.0,row_37,0.0,55.39264554440599,110.78529108881197,0.0,100
16,82.6,-51,185.60132526009963,0.352,0.0,0.0,row_37,0.0,54.715108434139935,109.43021686827987,0.0,100
17,79.45,-54,182.44848895090175,0.291,0.0,0.0,row_37,0.0,53.94817964342283,107.89635928684567,0.0,100
