,bg,eq_BG,CGM_glucose,IOB,rate,running_temp,unsafe_action_reason,LBGI,HBGI,BGI,Label,detection
0,80.0,85,80.0,-0.1,0,0,Null,20.07676809123889,0.0,40.15353618247778,0.0,0
1,80.0,87,80.0,-0.149,0,0,Null,20.07676809123889,0.0,40.15353618247778,0.0,0
2,80.0,89,80.0,-0.198,0,0,Null,20.07676809123889,0.0,40.15353618247778,0.0,0
3,80.0,90,80.0,-0.246,0,0,Null,20.07676809123889,0.0,40.15353618247778,0.0,0
4,80.0,94,80.0,-0.343,0,0,Null,20.07676809123889,0.0,40.15353618247778,0.0,0
5,80.0,96,80.00238086624466,-0.388,0,0,Null,20.076186055493913,0.0,40.15237211098783,0.0,0
6,80.03,80,80.03129587356244,0.0,0,0,Null,20.069716076477434,0.0,40.13943215295487,0.0,0
7,80.07,80,80.06840468744339,0.0,0,0,Null,20.05807590945682,0.0,40.11615181891364,0.0,0
8,80.13,80,80.12821952166532,0.0,0,0,Null,20.039320187455377,0.0,40.078640374910755,0.0,0
9,80.22,85,80.21642071909635,-0.1,0,0,Null,20.011486113102734,0.0,40.02297222620547,0.0,0
10,40.17,48,80.33843191157565,-0.149,0,0,Null,19.972661578878707,0.0,39.945323157757414,0.0,0
