,bg,eq_BG,CGM_glucose,IOB,rate,running_temp,unsafe_action_reason,LBGI,HBGI,BGI,Label,detection
0,100.0,105,100.0,-0.1,0.25,0.0,Null,2.410255627044251,0.0,4.820511254088502,0.0,0
1,100.0,104,100.0,-0.099,0.15,0.25,Null,2.410255627044251,0.0,4.820511254088502,0.0,0
2,100.0,107,100.0,-0.148,0.45,0.15,Null,2.410255627044251,0.0,4.820511254088502,0.0,0
3,100.0,100,100.0,0.0,0.0,0.45,Null,2.410255627044251,0.0,4.820511254088502,0.0,0
4,100.0,105,100.00169322922856,-0.1,0.25,0.0,Null,2.410117369541206,0.0,4.820234739082412,0.0,0
5,100.01,104,100.0065757640843,-0.099,0.15,0.25,Null,2.4096930724845125,0.0,4.819386144969025,0.0,0
6,100.02,107,100.01595209184131,-0.148,0.45,0.15,Null,2.408843679618033,0.0,4.817687359236066,0.0,0
7,100.03,109,100.03300638147,-0.197,0.6,0.45,Null,2.4073382431558294,0.0,4.814676486311659,0.0,0
8,100.06,108,100.06103987204102,-0.194,0.5,0.6,Null,2.404901215568869,0.0,4.809802431137738,0.0,0
9,100.1,108,100.10378832149054,-0.192,0.5,0.5,Null,2.4012197608087416,0.0,4.802439521617483,0.0,0
10,286.16,976,100.16380211193335,-0.188,2.1,0.5,row_28,2.3960081830511246,0.0,4.792016366102249,0.0,100
11,286.24,485,100.24198728731321,-0.034,2.1,2.1,Null,2.3890558284128165,0.0,4.778111656825633,0.0,0
12,286.34,283,100.33846430043579,0.069,2.1,2.1,Null,2.380225733489452,0.0,4.760451466978904,0.0,0
13,286.45,276,100.45275509713879,0.222,2.1,2.1,Null,2.3694478166632034,0.0,4.738895633326407,0.0,0
14,286.58,273,100.57656784323336,0.323,2.1,2.1,Null,2.3568995277849782,0.0,4.7137990555699565,0.0,0
15,286.7,269,100.69611503917064,0.423,2.1,2.1,Null,2.3430509239026334,0.0,4.686101847805267,0.0,0
16,286.79,265,100.79397577670599,0.521,2.1,2.1,Null,2.328644964501022,0.0,4.657289929002044,0.0,0
17,286.85,259,100.85059985010868,0.666,2.1,2.1,Null,2.3146539188184665,0.0,4.629307837636933,0.0,0
18,286.85,255,100.8455342191898,0.758,2.1,2.1,Null,2.3022358505885263,0.0,4.604471701177053,0.0,0
19,286.76,249,100.75843345203788,0.897,2.1,2.1,Null,2.2927044816615223,0.0,4.585408963323045,0.0,0
20,286.57,245,100.5698983369892,0.983,2.1,2.1,Null,2.287518567536154,0.0,4.575037135072308,0.0,0
21,286.26,241,100.26217221138985,1.066,2.1,2.1,Null,2.2882920014588466,0.0,4.576584002917693,0.0,0
22,142.91,97,99.81971313706853,1.095,0.0,2.1,Null,2.2968225544542946,0.0,4.593645108908589,0.0,0
