,bg,eq_BG,CGM_glucose,IOB,rate,running_temp,unsafe_action_reason,LBGI,HBGI,BGI,Label,detection
0,100.0,105,100.0,-0.1,0.25,0.0,Null,2.410255627044251,0.0,4.820511254088502,0.0,0
1,100.0,104,100.0,-0.099,0.15,0.25,Null,2.410255627044251,0.0,4.820511254088502,0.0,0
2,100.0,107,100.0,-0.148,0.45,0.15,Null,2.410255627044251,0.0,4.820511254088502,0.0,0
3,100.0,108,100.0,-0.197,0.5,0.45,Null,2.410255627044251,0.0,4.820511254088502,0.0,0
4,100.0,108,100.0,-0.194,0.5,0.5,Null,2.410255627044251,0.0,4.820511254088502,0.0,0
5,100.0,108,100.00290294483942,-0.191,0.5,0.5,Null,2.4100581095079185,0.0,4.820116219015837,0.0,0
6,100.01,110,100.01298273204817,-0.238,0.7,0.5,Null,2.4093295295573105,0.0,4.818659059114621,0.0,0
7,100.04,107,100.0352257574574,-0.183,0.45,0.7,Null,2.4076504559599834,0.0,4.815300911919967,0.0,0
8,100.07,109,100.07492861893955,-0.229,0.6,0.45,Null,2.4045526991513992,0.0,4.8091053983027985,0.0,0
9,100.14,109,100.13739569017756,-0.224,0.6,0.6,Null,2.399549525762208,0.0,4.799099051524416,0.0,0
10,100.23,109,100.22733161894168,-0.218,0.6,0.6,Null,2.392175163061359,0.0,4.784350326122718,0.0,0
11,100.35,109,100.3492981579665,-0.212,0.6,0.6,Null,2.3819925846261047,0.0,4.7639851692522095,0.0,0
12,100.51,109,100.50726517413437,-0.205,0.6,0.6,Null,2.3686148025673632,0.0,4.7372296051347265,0.0,0
13,100.7,109,100.70459947980318,-0.198,0.6,0.6,Null,2.351719797549852,0.0,4.703439595099704,0.0,0
14,100.94,109,100.94407493234715,-0.191,0.6,0.6,Null,2.3310609110902023,0.0,4.662121822180405,0.0,0
15,101.23,112,101.2278976203917,-0.234,0.6,0.6,Null,2.306473647943814,0.0,4.612947295887628,0.0,0
16,101.56,112,101.55774116600729,-0.226,0.6,0.6,Null,2.277879459140251,0.0,4.555758918280502,0.0,0
17,101.56,110,101.55774116600729,-0.218,0.7,0.6,row_34,2.252462402425973,0.0,4.504924804851946,0.0,100
18,101.56,110,101.55774116600729,-0.21,0.7,0.7,Null,2.2297208253658294,0.0,4.459441650731659,0.0,0
19,101.56,110,101.55774116600729,-0.202,0.7,0.7,Null,2.2092534060116997,0.0,4.4185068120233995,0.0,0
20,101.56,108,101.55774116600729,-0.193,0.5,0.7,Null,2.190735264691297,0.0,4.381470529382594,0.0,0
21,101.56,110,101.55774116600729,-0.234,0.7,0.5,Null,2.173900590763658,0.0,4.347801181527316,0.0,0
