,bg,eq_BG,CGM_glucose,IOB,rate,running_temp,unsafe_action_reason,LBGI,HBGI,BGI,Label,detection
0,120.0,125,120.0,-0.1,1.35,0.0,Null,0.0,0.7206566170199675,1.441313234039935,0.0,0
1,120.0,118,120.0,0.05,0.7,1.35,Null,0.0,0.7206566170199675,1.441313234039935,0.0,0
2,120.0,120,120.0,0.001,1.15,0.7,Null,0.0,0.7206566170199675,1.441313234039935,0.0,0
3,120.0,120,120.0,0.0,1.05,0.0,Null,0.0,0.7206566170199675,1.441313234039935,0.0,0
4,120.0,118,119.99853010027317,0.05,0.8,1.05,Null,0.0,0.7206017483392386,1.4412034966784772,0.0,0
5,119.99,118,119.99060642510761,0.05,0.8,0.8,Null,0.0,0.7203188293829633,1.4406376587659266,0.0,0
6,119.98,118,119.9751330990325,0.05,0.8,0.8,Null,0.0,0.7197050002285923,1.4394100004571846,0.0,0
7,119.95,118,119.94813702686466,0.049,0.95,0.8,Null,0.0,0.7186176839573445,1.437235367914689,0.0,0
8,119.91,116,119.9050323578144,0.098,0.9,0.95,Null,0.0,0.7168859843406582,1.4337719686813164,0.0,0
9,119.84,115,119.84093548335568,0.097,0.9,0.9,Null,0.0,0.714322674209512,1.428645348419024,0.0,0
10,59.88,58,119.7509151782889,0.046,0.0,0.9,Null,0.0,0.7107357953355113,1.4214715906710227,0.0,0
