,bg,eq_BG,CGM_glucose,IOB,rate,running_temp,unsafe_action_reason,LBGI,HBGI,BGI,Label,detection
0,80,85,80.0,-0.1,0,0,Null,20.07676809123889,0.0,40.15353618247778,0.0,0
1,80,87,80.0,-0.149,0,0,Null,20.07676809123889,0.0,40.15353618247778,0.0,0
2,80,89,80.0,-0.198,0,0,Null,20.07676809123889,0.0,40.15353618247778,0.0,0
3,80,90,80.0,-0.246,0,0,Null,20.07676809123889,0.0,40.15353618247778,0.0,0
