,bg,eq_BG,CGM_glucose,IOB,rate,running_temp,unsafe_action_reason,LBGI,HBGI,BGI,Label,detection
0,100,105,100.0,-0.1,0.25,0.0,Null,2.410255627044251,0.0,4.820511254088502,0.0,0
1,100,104,100.0,-0.099,0.15,0.25,Null,2.410255627044251,0.0,4.820511254088502,0.0,0
2,100,107,100.0,-0.148,0.45,0.15,Null,2.410255627044251,0.0,4.820511254088502,0.0,0
3,100,108,100.0,-0.197,0.5,0.45,Null,2.410255627044251,0.0,4.820511254088502,0.0,0
4,100,108,100.0,-0.194,0.5,0.5,Null,2.410255627044251,0.0,4.820511254088502,0.0,0
5,100,100,100.00169322922856,0.0,0.0,0.5,Null,2.41014041245838,0.0,4.82028082491676,0.0,0
6,100,105,100.00169322922856,-0.1,0.25,0.0,Null,2.410058116325615,0.0,4.82011623265123,0.0,0
7,100,104,100.00169322922856,-0.099,0.15,0.25,Null,2.4099963942260416,0.0,4.819992788452083,0.0,0
8,100,107,100.00169322922856,-0.148,0.45,0.15,Null,2.4099483881485955,0.0,4.819896776297191,0.0,0
9,100,108,100.00169322922856,-0.197,0.5,0.45,Null,2.4099099832866386,0.0,4.819819966573277,0.0,0
