,bg,eq_BG,CGM_glucose,IOB,rate,running_temp,unsafe_action_reason,LBGI,HBGI,BGI,Label,detection
0,220.0,225,220.0,-0.1,2.1,0.0,Null,0.0,78.96870649548038,157.93741299096075,0.0,0
1,220.0,216,220.0,0.1,2.1,2.1,Null,0.0,78.96870649548038,157.93741299096075,0.0,0
2,220.0,211,220.0,0.2,2.1,2.1,Null,0.0,78.96870649548038,157.93741299096075,0.0,0
3,220.0,205,220.0,0.349,2.1,2.1,Null,0.0,78.96870649548038,157.93741299096075,0.0,0
4,220.0,220,220.0,0.0,2.1,2.1,Null,0.0,78.96870649548038,157.93741299096075,0.0,0
5,219.98,220,219.98120165486657,0.0,2.1,2.1,Null,0.0,78.96533381529719,157.93066763059437,0.0,0
6,219.91,220,219.91106753898018,0.0,2.1,2.1,Null,0.0,78.95214043656057,157.90428087312114,0.0,0
7,219.75,213,219.7475072380922,0.15,2.1,2.1,Null,0.0,78.92024501687557,157.84049003375114,0.0,0
8,219.44,208,219.44237602004014,0.249,2.1,2.1,Null,0.0,78.85897496407762,157.71794992815524,0.0,0
9,218.94,200,218.9444432061882,0.397,2.1,2.1,Null,0.0,78.75645832438849,157.51291664877698,0.0,0
10,218.2,195,218.20195058541944,0.493,2.1,2.1,Null,0.0,78.60016431082818,157.20032862165635,0.0,0
11,217.16,190,217.16484432003207,0.587,2.1,2.1,Null,0.0,78.3773995571664,156.7547991143328,0.0,0
12,215.79,183,215.78673092934798,0.679,2.1,2.1,Null,0.0,78.07576654703027,156.15153309406054,0.0,0
13,214.03,174,214.02658102615032,0.818,1.7,2.1,Null,0.0,77.68358812595964,155.3671762519193,0.0,0
14,211.85,169,211.85018422725173,0.855,1.7,1.7,Null,0.0,77.19029941791626,154.38059883583253,0.0,0
15,209.23,162,209.23134509811243,0.938,1.55,1.7,Null,0.0,76.58680635439771,153.17361270879542,0.0,0
16,103.08,57,206.15280277063977,0.869,0.0,1.55,row_37,0.0,75.86580848498903,151.73161696997806,0.0,100
