,bg,eq_BG,CGM_glucose,IOB,rate,running_temp,unsafe_action_reason,LBGI,HBGI,BGI,Label,detection
0,200.0,205,200.0,-0.1,2.1,0.0,Null,0.0,58.02374061481669,116.04748122963338,0.0,0
1,200.0,196,200.0,0.1,2.1,2.1,Null,0.0,58.02374061481669,116.04748122963338,0.0,0
2,200.0,191,200.0,0.2,2.1,2.1,Null,0.0,58.02374061481669,116.04748122963338,0.0,0
3,200.0,200,200.0,0.0,2.1,2.1,Null,0.0,58.02374061481669,116.04748122963338,0.0,0
4,200.0,200,200.0,0.0,2.1,2.1,Null,0.0,58.02374061481669,116.04748122963338,0.0,0
5,199.98,200,199.9831270378523,0.0,2.1,2.1,Null,0.0,58.020890514905616,116.04178102981123,0.0,0
6,199.92,200,199.92022605208595,0.0,2.1,2.1,Null,0.0,58.009749029804865,116.01949805960973,0.0,0
7,199.77,193,199.77365151234028,0.15,2.1,2.1,Null,0.0,57.982834173254034,115.96566834650807,0.0,0
8,199.77,189,199.77365151234028,0.249,2.1,2.1,Null,0.0,57.961900395936716,115.92380079187343,0.0,0
9,199.77,183,199.77365151234028,0.397,2.1,2.1,Null,0.0,57.94515337408286,115.89030674816571,0.0,0
10,199.77,179,199.77365151234028,0.493,2.1,2.1,Null,0.0,57.93145126529333,115.86290253058667,0.0,0
11,199.77,175,199.77365151234028,0.587,2.1,2.1,Null,0.0,57.92003284130207,115.84006568260413,0.0,0
12,199.77,172,199.77365151234028,0.679,2.1,2.1,Null,0.0,57.91037109792484,115.82074219584968,0.0,0
