,bg,eq_BG,CGM_glucose,IOB,rate,running_temp,unsafe_action_reason,LBGI,HBGI,BGI,Label,detection
0,140.01,142,280.0,-0.05,2.1,0.0,Null,0.0,146.5547109009785,293.109421801957,0.0,0
1,70210.0,70208,280.0,0.05,2.1,2.1,Null,0.0,146.5547109009785,293.109421801957,0.0,0
2,35035210.0,35035208,280.0,0.05,2.1,2.1,Null,0.0,146.55471090097853,293.10942180195707,0.0,0
3,17517535210.0,17517535208,280.0,0.05,2.1,2.1,Null,0.0,146.5547109009785,293.109421801957,0.0,0
4,8758767535210.0,8758767535208,280.0,0.05,2.1,2.1,Null,0.0,146.5547109009785,293.109421801957,0.0,0
