,bg,eq_BG,CGM_glucose,IOB,rate,running_temp,unsafe_action_reason,LBGI,HBGI,BGI,Label,detection
0,140.0,145,140.0,-0.1,2.1,0.0,Null,0.0,8.324939472904685,16.64987894580937,0.0,0
1,140.0,136,140.0,0.1,0.8,2.1,Null,0.0,8.324939472904685,16.64987894580937,0.0,0
2,140.0,136,140.0,0.1,1.85,0.8,Null,0.0,8.324939472904685,16.64987894580937,0.0,0
3,140.0,140,140.0,0.0,1.8,0.0,Null,0.0,8.324939472904685,16.64987894580937,0.0,0
4,140.0,136,139.9972465114939,0.1,0.75,1.8,Null,0.0,8.324639225613108,16.649278451226216,0.0,0
5,139.98,136,139.98028071318677,0.099,1.6,0.75,Null,0.0,8.322897790872416,16.64579558174483,0.0,0
6,139.94,131,139.9433795773219,0.198,0.75,1.6,Null,0.0,8.31878249334727,16.63756498669454,0.0,0
7,139.87,131,139.8736986419105,0.196,1.4,0.75,Null,0.0,8.310958173222245,16.62191634644449,0.0,0
8,139.76,129,139.76024618744546,0.243,0.75,1.4,Null,0.0,8.29803192388447,16.59606384776894,0.0,0
9,139.59,129,139.58832650513338,0.239,1.3,0.75,Null,0.0,8.278396159827585,16.55679231965517,0.0,0
10,139.35,124,139.346464887773,0.334,0.7,1.3,Null,0.0,8.250507576244544,16.50101515248909,0.0,0
11,139.02,126,139.02187657610645,0.279,1.2,0.7,Null,0.0,8.212831582525975,16.42566316505195,0.0,0
12,138.61,124,138.60551146495206,0.322,0.7,1.2,Null,0.0,8.16402950572069,16.32805901144138,0.0,0
13,138.09,124,138.08804903442876,0.315,1.0,0.7,Null,0.0,8.102920243523558,16.205840487047116,0.0,0
14,137.46,121,137.46430991445249,0.357,1.0,1.0,Null,0.0,8.028617769073717,16.057235538147435,0.0,0
15,136.73,119,136.72942195346585,0.398,0.75,1.0,Null,0.0,7.940494963425712,15.880989926851424,0.0,0
16,135.88,120,135.88233744061102,0.338,0.75,0.75,Null,0.0,7.8382670236336836,15.676534047267367,0.0,0
17,67.46,54,134.92326131280726,0.277,0.0,0.75,row_37,0.0,7.721972135805234,15.443944271610468,0.0,100
