,bg,eq_BG,CGM_glucose,IOB,rate,running_temp,unsafe_action_reason,LBGI,HBGI,BGI,Label,detection
0,120.0,125,120.0,-0.1,1.35,0.0,Null,0.0,0.7206566170199675,1.441313234039935,0.0,0
1,120.0,118,120.0,0.05,0.7,1.35,Null,0.0,0.7206566170199675,1.441313234039935,0.0,0
2,120.0,120,120.0,0.0,1.15,0.0,Null,0.0,0.7206566170199675,1.441313234039935,0.0,0
3,120.0,118,120.0,0.05,0.75,1.15,Null,0.0,0.7206566170199675,1.441313234039935,0.0,0
4,120.0,116,119.99853010027317,0.099,0.95,0.75,row_31,0.0,0.7206017483392386,1.4412034966784772,0.0,100
5,120.0,116,119.99693260479448,0.099,0.95,0.95,Null,0.0,0.7205154854678676,1.4410309709357352,0.0,0
6,119.99,113,119.99225433489953,0.148,0.95,0.95,Null,0.0,0.7203292031959463,1.4406584063918926,0.0,0
7,119.98,113,119.98066987352794,0.146,0.8,0.95,Null,0.0,0.7199196446124916,1.4398392892249832,0.0,0
8,119.96,113,119.95672701778733,0.144,0.8,0.8,Null,0.0,0.7191064172310837,1.4382128344621674,0.0,0
9,119.91,114,119.91394671922818,0.142,0.8,0.8,Null,0.0,0.7176635783561425,1.435327156712285,0.0,0
10,119.85,114,119.84530570579945,0.139,0.9,0.8,Null,0.0,0.7153353496017407,1.4306706992034814,0.0,0
11,119.74,111,119.74444672017441,0.186,0.7,0.9,Null,0.0,0.7118654618535465,1.423730923707093,0.0,0
12,119.61,114,119.6057396745057,0.132,0.9,0.7,Null,0.0,0.7070166383762697,1.4140332767525394,0.0,0
13,119.42,111,119.42432065898458,0.178,0.7,0.9,Null,0.0,0.7005848946016946,1.4011697892033892,0.0,0
14,119.2,114,119.19556477225036,0.124,0.85,0.7,Null,0.0,0.6924045212707958,1.3848090425415915,0.0,0
15,119.2,113,119.19556477225036,0.17,0.85,0.85,Null,0.0,0.6852466946062594,1.3704933892125188,0.0,0
16,119.2,113,119.19556477225036,0.165,0.85,0.85,Null,0.0,0.6789309651963743,1.3578619303927486,0.0,0
17,119.2,111,119.19556477225036,0.21,0.75,0.85,Null,0.0,0.6733169834986986,1.3466339669973972,0.0,0
18,119.2,112,119.19556477225036,0.205,0.75,0.75,Null,0.0,0.6682939472428835,1.336587894485767,0.0,0
19,119.2,112,119.19556477225036,0.199,0.75,0.75,Null,0.0,0.66377321461265,1.3275464292253,0.0,0
