,bg,eq_BG,CGM_glucose,IOB,rate,running_temp,unsafe_action_reason,LBGI,HBGI,BGI,Label,detection
0,160.0,165,160.0,-0.1,2.1,0.0,Null,0.0,21.656145843721255,43.31229168744251,0.0,0
1,160.0,156,160.0,0.1,1.7,2.1,Null,0.0,21.656145843721255,43.31229168744251,0.0,0
2,160.0,153,160.0,0.15,1.7,1.7,Null,0.0,21.656145843721255,43.31229168744251,0.0,0
3,160.0,149,160.0,0.249,1.7,1.7,Null,0.0,21.656145843721255,43.31229168744251,0.0,0
4,160.0,145,160.0,0.347,1.9,1.7,Null,0.0,21.656145843721255,43.31229168744251,0.0,0
5,160.0,141,159.99755159486256,0.444,1.3,1.9,Null,0.0,21.655831150178795,43.31166230035759,0.0,0
6,159.99,140,159.9884999475867,0.488,1.7,1.3,Null,0.0,21.65460922879096,43.30921845758192,0.0,0
7,159.97,138,159.96758205665935,0.531,1.2,1.7,Null,0.0,21.651676842763106,43.30335368552621,0.0,0
8,159.97,137,159.96758205665935,0.573,1.55,1.2,Null,0.0,21.649396098074774,43.29879219614955,0.0,0
9,159.97,133,159.96758205665935,0.662,1.1,1.55,Null,0.0,21.647571502324105,43.29514300464821,0.0,0
10,159.97,135,159.96758205665935,0.649,1.55,1.1,Null,0.0,21.646078651255376,43.29215730251075,0.0,0
11,159.97,131,159.96758205665935,0.734,1.0,1.55,Null,0.0,21.644834608698105,43.28966921739621,0.0,0
12,159.97,133,159.96758205665935,0.717,1.55,1.0,Null,0.0,21.64378195730349,43.28756391460698,0.0,0
