,bg,eq_BG,CGM_glucose,IOB,rate,running_temp,unsafe_action_reason,LBGI,HBGI,BGI,Label,detection
0,300.0,305,300.0,-0.1,2.1,0.0,Null,0.0,169.75993762032834,339.5198752406567,0.0,0
1,300.0,296,300.0,0.1,2.1,2.1,Null,0.0,169.75993762032834,339.5198752406567,0.0,0
2,300.0,291,300.0,0.2,2.1,2.1,Null,0.0,169.75993762032834,339.5198752406567,0.0,0
3,300.0,285,300.0,0.349,2.1,2.1,Null,0.0,169.75993762032834,339.5198752406567,0.0,0
4,300.0,281,300.0,0.446,2.1,2.1,Null,0.0,169.75993762032834,339.5198752406567,0.0,0
5,299.99,278,299.98974011834014,0.541,2.1,2.1,Null,0.0,169.757949061956,339.515898123912,0.0,0
6,299.95,273,299.95161150808394,0.634,2.1,2.1,Null,0.0,169.75019436213853,339.50038872427706,0.0,0
7,299.86,267,299.8630341770974,0.775,2.1,2.1,Null,0.0,169.73150253012764,339.4630050602553,0.0,0
8,299.7,264,299.6983947389965,0.862,2.1,2.1,Null,0.0,169.69569160367783,339.39138320735566,0.0,0
9,299.43,258,299.430623090539,0.997,2.1,2.1,Null,0.0,169.63590527356268,339.27181054712537,0.0,0
10,299.03,254,299.03247242457644,1.078,2.1,2.1,Null,0.0,169.54490163027037,339.08980326054075,0.0,0
11,298.48,249,298.4775536204656,1.156,2.1,2.1,Null,0.0,169.41529831133036,338.8305966226607,0.0,0
12,297.74,245,297.7411636953366,1.231,2.1,2.1,Null,0.0,169.2397792692272,338.4795585384544,0.0,0
13,296.8,239,296.80093886711677,1.353,2.0,2.1,Null,0.0,169.01126796559765,338.0225359311953,0.0,0
14,295.64,234,295.6373557778032,1.421,1.85,2.0,Null,0.0,168.72307109532647,337.44614219065295,0.0,0
15,295.64,236,295.6373557778032,1.485,1.75,1.85,Null,0.0,168.47089883383921,336.94179766767843,0.0,0
16,295.64,238,295.6373557778032,1.495,1.7,1.75,Null,0.0,168.2483938972328,336.4967877944656,0.0,0
17,295.64,238,295.6373557778032,1.553,1.6,1.7,Null,0.0,168.05061173136045,336.1012234627209,0.0,0
18,295.64,236,295.6373557778032,1.607,1.5,1.6,Null,0.0,167.87364874084307,335.74729748168613,0.0,0
19,295.64,235,295.6373557778032,1.659,1.4,1.5,Null,0.0,167.71438204937743,335.42876409875487,0.0,0
20,295.64,235,295.6373557778032,1.657,1.4,1.4,Null,0.0,167.57028361424187,335.14056722848375,0.0,0
21,295.64,236,295.6373557778032,1.654,1.4,1.4,Null,0.0,167.43928503684586,334.8785700736917,0.0,0
