,bg,eq_BG,CGM_glucose,IOB,rate,running_temp,unsafe_action_reason,LBGI,HBGI,BGI,Label,detection
0,240.0,245,240.0,-0.1,2.1,0.0,Null,0.0,100.93578704822124,201.8715740964425,0.0,0
1,240.0,236,240.0,0.1,2.1,2.1,Null,0.0,100.93578704822124,201.8715740964425,0.0,0
2,240.0,231,240.0,0.2,2.1,2.1,Null,0.0,100.93578704822124,201.8715740964425,0.0,0
3,240.0,225,240.0,0.349,2.1,2.1,Null,0.0,100.93578704822124,201.8715740964425,0.0,0
4,240.0,221,240.0,0.446,2.1,2.1,Null,0.0,100.93578704822124,201.8715740964425,0.0,0
5,239.98,218,239.97927627188082,0.541,2.1,2.1,Null,0.0,100.93192856265978,201.86385712531956,0.0,0
6,239.9,213,239.9019078550924,0.634,2.1,2.1,Null,0.0,100.91682624206433,201.83365248412866,0.0,0
7,239.72,207,239.72135602839325,0.775,2.1,2.1,Null,0.0,100.88029365956874,201.76058731913747,0.0,0
8,239.38,203,239.38429946761877,0.862,2.1,2.1,Null,0.0,100.81006873401138,201.62013746802276,0.0,0
9,238.83,195,238.83389689348516,0.997,2.1,2.1,Null,0.0,100.69248051165343,201.38496102330686,0.0,0
10,238.01,190,238.0126088335105,1.078,2.1,2.1,Null,0.0,100.51305549470557,201.02611098941114,0.0,0
11,236.86,185,236.86466956592685,1.156,2.1,2.1,Null,0.0,100.2570715902955,200.514143180591,0.0,0
12,235.34,183,235.33826399723856,1.231,2.1,2.1,Null,0.0,99.91006741587974,199.82013483175947,0.0,0
13,233.39,175,233.38743432769198,1.353,2.0,2.1,Null,0.0,99.45831208689285,198.9166241737857,0.0,0
14,233.39,174,233.38743432769198,1.421,1.85,2.0,Null,0.0,99.06679080177088,198.13358160354176,0.0,0
15,233.39,176,233.38743432769198,1.485,1.75,1.85,Null,0.0,98.72420967728915,197.4484193545783,0.0,0
16,233.39,177,233.38743432769198,1.495,1.7,1.75,Null,0.0,98.42193221451117,196.84386442902235,0.0,0
17,233.39,176,233.38743432769198,1.553,1.6,1.7,Null,0.0,98.15324113648629,196.30648227297257,0.0,0
18,233.39,174,233.38743432769198,1.607,1.5,1.6,Null,0.0,97.91283332983244,195.82566665966488,0.0,0
