,bg,eq_BG,CGM_glucose,IOB,rate,running_temp,unsafe_action_reason,LBGI,HBGI,BGI,Label,detection
0,300.0,305,300.0,-0.1,2.1,0.0,Null,0.0,169.75993762032834,339.5198752406567,0.0,0
1,300.0,296,300.0,0.1,2.1,2.1,Null,0.0,169.75993762032834,339.5198752406567,0.0,0
2,300.0,300,300.0,0.0,2.1,0.0,Null,0.0,169.75993762032834,339.5198752406567,0.0,0
3,300.0,293,300.0,0.15,2.1,2.1,Null,0.0,169.75993762032834,339.5198752406567,0.0,0
4,299.97,289,299.9735001229236,0.249,2.1,2.1,Null,0.0,169.75377421683407,339.50754843366815,0.0,0
5,299.9,282,299.90330230847286,0.397,2.1,2.1,Null,0.0,169.73605973074856,339.47211946149713,0.0,0
6,299.75,278,299.7508108591777,0.493,2.1,2.1,Null,0.0,169.69807365955918,339.39614731911837,0.0,0
7,299.46,273,299.4621031007502,0.587,2.1,2.1,Null,0.0,169.62761869204772,339.25523738409544,0.0,0
8,298.97,268,298.97303192929985,0.679,2.1,2.1,Null,0.0,169.5096334097036,339.0192668194072,0.0,0
9,298.21,262,298.2135767298845,0.818,2.1,2.1,Null,0.0,169.3269456788808,338.6538913577616,0.0,0
10,297.11,257,297.1116147154637,0.905,2.1,2.1,Null,0.0,169.06101741715443,338.12203483430886,0.0,0
11,297.11,253,297.1116147154637,1.038,2.1,2.1,Null,0.0,168.83941053238246,337.6788210647649,0.0,0
12,297.11,252,297.1116147154637,1.118,2.1,2.1,Null,0.0,168.65189701449847,337.30379402899695,0.0,0
13,297.11,250,297.1116147154637,1.195,2.1,2.1,Null,0.0,168.49117114202647,336.98234228405295,0.0,0
14,297.11,248,297.1116147154637,1.268,2.1,2.1,Null,0.0,168.3518753858841,336.7037507717682,0.0,0
15,297.11,244,297.1116147154637,1.388,1.9,2.1,Null,0.0,168.22999159925953,336.45998319851907,0.0,0
