,bg,eq_BG,CGM_glucose,IOB,rate,running_temp,unsafe_action_reason,LBGI,HBGI,BGI,Label,detection
0,220.0,225,220.0,-0.1,2.1,0.0,Null,0.0,78.96870649548038,157.93741299096075,0.0,0
1,220.0,216,220.0,0.1,2.1,2.1,Null,0.0,78.96870649548038,157.93741299096075,0.0,0
2,220.0,211,220.0,0.2,2.1,2.1,Null,0.0,78.96870649548038,157.93741299096075,0.0,0
3,220.0,220,220.0,0.0,2.1,0.0,Null,0.0,78.96870649548038,157.93741299096075,0.0,0
4,219.98,213,219.98120165486657,0.15,2.1,2.1,Null,0.0,78.96465927926054,157.9293185585211,0.0,0
5,219.91,209,219.91106753898018,0.249,2.1,2.1,Null,0.0,78.9493794267406,157.8987588534812,0.0,0
6,109.88,97,219.76867788545556,0.297,0.0,2.1,row_37,0.0,78.91657586007204,157.8331517201441,0.0,100
