,bg,eq_BG,CGM_glucose,IOB,rate,running_temp,unsafe_action_reason,LBGI,HBGI,BGI,Label,detection
0,200,205,200.0,-0.1,2.1,0.0,Null,0.0,58.02374061481669,116.04748122963338,0.0,0
1,200,196,200.0,0.1,2.1,2.1,Null,0.0,58.02374061481669,116.04748122963338,0.0,0
2,200,191,200.0,0.2,2.1,2.1,Null,0.0,58.02374061481669,116.04748122963338,0.0,0
3,200,200,200.0,0.0,2.1,0.0,Null,0.0,58.02374061481669,116.04748122963338,0.0,0
4,200,193,200.0,0.15,2.1,2.1,Null,0.0,58.02374061481669,116.04748122963338,0.0,0
