,bg,eq_BG,CGM_glucose,IOB,rate,running_temp,unsafe_action_reason,LBGI,HBGI,BGI,Label,detection
0,160.0,165,160.0,-0.1,2.1,0.0,Null,0.0,21.656145843721255,43.31229168744251,0.0,0
1,160.0,156,160.0,0.1,1.7,2.1,Null,0.0,21.656145843721255,43.31229168744251,0.0,0
2,160.0,153,160.0,0.15,1.7,1.7,Null,0.0,21.656145843721255,43.31229168744251,0.0,0
3,160.0,149,160.0,0.249,1.7,1.7,Null,0.0,21.656145843721255,43.31229168744251,0.0,0
4,160.0,145,160.0,0.347,1.9,1.7,Null,0.0,21.656145843721255,43.31229168744251,0.0,0
5,159.99,141,159.98991172019635,0.444,1.3,1.9,Null,0.0,21.654849254747287,43.309698509494574,0.0,0
6,159.95,139,159.95238461904916,0.488,1.65,1.3,Null,0.0,21.649790144441937,43.299580288883874,0.0,0
7,159.87,138,159.86512346146793,0.531,1.2,1.65,Null,0.0,21.63759289163805,43.2751857832761,0.0,0
8,159.7,136,159.70133137949912,0.573,1.5,1.2,Null,0.0,21.614106698357265,43.22821339671453,0.0,0
9,159.44,132,159.43610490428225,0.662,1.1,1.5,Null,0.0,21.574967058917704,43.14993411783541,0.0,0
10,159.44,133,159.43610490428225,0.649,1.45,1.1,Null,0.0,21.542943717558064,43.08588743511613,0.0,0
11,159.44,130,159.43610490428225,0.734,1.05,1.45,Null,0.0,21.516257599758358,43.032515199516716,0.0,0
12,159.44,132,159.43610490428225,0.717,1.4,1.05,Null,0.0,21.493677038543225,42.98735407708645,0.0,0
13,159.44,128,159.43610490428225,0.799,1.1,1.4,Null,0.0,21.474322271787397,42.948644543574794,0.0,0
14,159.44,130,159.43610490428225,0.778,1.1,1.1,Null,0.0,21.457548140599016,42.91509628119803,0.0,0
15,159.44,129,159.43610490428225,0.806,1.35,1.1,Null,0.0,21.44287077580918,42.88574155161836,0.0,0
16,159.44,128,159.43610490428225,0.833,1.05,1.35,Null,0.0,21.429920159818145,42.85984031963629,0.0,0
