,bg,eq_BG,CGM_glucose,IOB,rate,running_temp,unsafe_action_reason,LBGI,HBGI,BGI,Label,detection
0,90.01,92,180.0,-0.05,0.0,0.0,row_37,0.0,38.64655755271278,77.29311510542556,0.0,100
1,45135.0,45137,180.0,-0.05,2.1,0.0,Null,0.0,38.64655755271278,77.29311510542556,0.0,0
2,22522635.0,22522633,180.0,0.05,2.1,2.1,Null,0.0,38.64655755271278,77.29311510542556,0.0,0
3,11261272635.0,11261272633,180.0,0.05,2.1,2.1,Null,0.0,38.64655755271278,77.29311510542556,0.0,0
4,5630636272635.0,5630636272633,180.0,0.05,2.1,2.1,Null,0.0,38.64655755271278,77.29311510542556,0.0,0
