,bg,eq_BG,CGM_glucose,IOB,rate,running_temp,unsafe_action_reason,LBGI,HBGI,BGI,Label,detection
0,110.01,112,220.0,-0.05,0.8,0.0,Null,0.0,78.96870649548038,157.93741299096075,0.0,0
1,55165.0,55163,220.0,0.05,2.1,0.8,Null,0.0,78.96870649548038,157.93741299096075,0.0,0
2,27527665.0,27527663,220.0,0.05,2.1,2.1,Null,0.0,78.96870649548038,157.93741299096075,0.0,0
3,13763777665.0,13763777663,220.0,0.05,2.1,2.1,Null,0.0,78.96870649548038,157.93741299096075,0.0,0
4,6881888777665.0,6881888777663,220.0,0.05,2.1,2.1,Null,0.0,78.96870649548038,157.93741299096075,0.0,0
