,bg,eq_BG,CGM_glucose,IOB,rate,running_temp,unsafe_action_reason,LBGI,HBGI,BGI,Label,detection
0,120.0,125,120.0,-0.1,1.35,0.0,Null,0.0,0.7206566170199675,1.441313234039935,0.0,0
1,120.0,118,120.0,0.05,0.7,1.35,Null,0.0,0.7206566170199675,1.441313234039935,0.0,0
2,120.0,120,120.0,0.001,1.15,0.7,Null,0.0,0.7206566170199675,1.441313234039935,0.0,0
3,120.0,120,120.0,0.0,1.05,0.0,Null,0.0,0.7206566170199675,1.441313234039935,0.0,0
4,120.0,118,120.0014415757729,0.05,0.7,1.05,Null,0.0,0.7207104379233953,1.4414208758467906,0.0,0
5,120.01,118,120.0057065593264,0.05,0.95,0.7,Null,0.0,0.720879057943355,1.44175811588671,0.0,0
6,120.02,116,120.01675344577136,0.099,0.7,0.95,Null,0.0,0.7212944713111756,1.4425889426223513,0.0,0
7,120.04,118,120.03781201017671,0.048,1.0,0.7,Null,0.0,0.7220989995200287,1.4441979990400573,0.0,0
8,120.07,116,120.07228023927892,0.097,0.7,1.0,Null,0.0,0.7234443758389746,1.4468887516779492,0.0,0
9,120.12,117,120.12296510861889,0.096,0.9,0.7,Null,0.0,0.7254779388681567,1.4509558777363134,0.0,0
10,120.19,115,120.19271429713167,0.144,0.9,0.9,Null,0.0,0.7283479461806059,1.4566958923612119,0.0,0
11,120.28,115,120.2835871171919,0.142,0.9,0.9,Null,0.0,0.7321938428164658,1.4643876856329316,0.0,0
12,120.4,113,120.3976762333427,0.189,0.75,0.9,Null,0.0,0.7371535895526207,1.4743071791052413,0.0,0
13,120.54,114,120.53653188468094,0.185,0.75,0.75,Null,0.0,0.7433604132852288,1.4867208265704577,0.0,0
14,120.7,115,120.70122801929071,0.182,0.75,0.75,Null,0.0,0.7509417928493777,1.5018835856987554,0.0,0
15,120.89,115,120.89242320976724,0.177,0.85,0.75,Null,0.0,0.7600194730029213,1.5200389460058426,0.0,0
16,121.11,115,121.1107670961036,0.174,0.85,0.85,Null,0.0,0.7707142451453717,1.5414284902907434,0.0,0
17,121.36,117,121.35684296376387,0.17,0.85,0.85,Null,0.0,0.7831485775451206,1.5662971550902411,0.0,0
18,121.63,117,121.63112780575578,0.165,0.9,0.85,Null,0.0,0.7974479709648727,1.5948959419297455,0.0,0
19,121.93,116,121.93373094382305,0.209,0.85,0.9,Null,0.0,0.8137388287105245,1.627477657421049,0.0,0
20,122.26,118,122.26445029979641,0.154,0.85,0.85,Null,0.0,0.8321469955267138,1.6642939910534276,0.0,0
21,61.31,61,122.62282221356158,0.099,0.0,0.85,row_37,0.0,0.8527966509679616,1.7055933019359233,0.0,100
