,bg,eq_BG,CGM_glucose,IOB,rate,running_temp,unsafe_action_reason,LBGI,HBGI,BGI,Label,detection
0,100.0,105,100.0,-0.1,0.25,0.0,Null,2.410255627044251,0.0,4.820511254088502,0.0,0
1,100.0,104,100.0,-0.099,0.15,0.25,Null,2.410255627044251,0.0,4.820511254088502,0.0,0
2,100.0,107,100.0,-0.148,0.45,0.15,Null,2.410255627044251,0.0,4.820511254088502,0.0,0
3,100.0,100,100.0,0.0,0.0,0.45,Null,2.410255627044251,0.0,4.820511254088502,0.0,0
4,100.0,105,100.0,-0.1,0.25,0.0,Null,2.410255627044251,0.0,4.820511254088502,0.0,0
5,100.0,104,100.00290294483942,-0.099,0.15,0.25,Null,2.4100581095079185,0.0,4.820116219015837,0.0,0
6,100.01,107,100.01298273204817,-0.148,0.45,0.15,Null,2.4093295295573105,0.0,4.818659059114621,0.0,0
7,100.04,109,100.03619312580922,-0.197,0.6,0.45,Null,2.407601250641859,0.0,4.815202501283718,0.0,0
8,100.08,109,100.07896568707517,-0.194,0.6,0.6,Null,2.404327144024064,0.0,4.808654288048128,0.0,0
9,100.15,108,100.14801085305417,-0.191,0.5,0.6,Null,2.398918944771483,0.0,4.797837889542966,0.0,0
10,100.25,109,100.24938726812559,-0.189,0.6,0.5,row_28,2.3908016265916627,0.0,4.7816032531833255,0.0,100
11,100.39,109,100.38814915949986,-0.185,0.6,0.6,Null,2.37945743799309,0.0,4.75891487598618,0.0,0
12,100.57,109,100.56841700021155,-0.181,0.6,0.6,Null,2.3644509302334744,0.0,4.728901860466949,0.0,0
13,100.79,109,100.79365097052369,-0.176,0.6,0.6,Null,2.345438177571995,0.0,4.69087635514399,0.0,0
14,101.07,109,101.06647691826424,-0.172,0.6,0.6,Null,2.322178391110368,0.0,4.644356782220736,0.0,0
15,101.39,109,101.38878237573225,-0.166,0.6,0.6,Null,2.294539108759147,0.0,4.589078217518294,0.0,0
16,101.76,110,101.76180768985968,-0.161,0.7,0.6,row_28,2.2624968396683554,0.0,4.524993679336711,0.0,100
17,101.76,109,101.76180768985968,-0.155,0.6,0.7,Null,2.2340148226987635,0.0,4.468029645397527,0.0,0
18,101.76,111,101.76180768985968,-0.199,0.6,0.6,Null,2.2085309127786017,0.0,4.417061825557203,0.0,0
19,101.76,109,101.76180768985968,-0.193,0.6,0.6,Null,2.1855953938504564,0.0,4.371190787700913,0.0,0
20,101.76,109,101.76180768985968,-0.186,0.6,0.6,Null,2.164844210058325,0.0,4.32968842011665,0.0,0
21,101.76,108,101.76180768985968,-0.18,0.5,0.6,Null,2.1459794975200235,0.0,4.291958995040047,0.0,0
