,bg,eq_BG,CGM_glucose,IOB,rate,running_temp,unsafe_action_reason,LBGI,HBGI,BGI,Label,detection
0,280.0,285,280.0,-0.1,2.1,0.0,Null,0.0,146.5547109009785,293.109421801957,0.0,0
1,280.0,276,280.0,0.1,2.1,2.1,Null,0.0,146.5547109009785,293.109421801957,0.0,0
2,280.0,271,280.0,0.2,2.1,2.1,Null,0.0,146.55471090097853,293.10942180195707,0.0,0
3,280.0,265,280.0,0.349,2.1,2.1,Null,0.0,146.5547109009785,293.109421801957,0.0,0
4,280.0,261,280.0,0.446,2.1,2.1,Null,0.0,146.5547109009785,293.109421801957,0.0,0
5,279.99,258,279.9906791763069,0.541,2.1,2.1,Null,0.0,146.55291430143615,293.1058286028723,0.0,0
6,279.96,253,279.9560550961969,0.634,2.1,2.1,Null,0.0,146.54591064284193,293.09182128568386,0.0,0
7,279.88,247,279.87565389668396,0.775,2.1,2.1,Null,0.0,146.52903522644075,293.0580704528815,0.0,0
8,279.73,244,279.7262765698022,0.862,2.1,2.1,Null,0.0,146.49671640251202,292.99343280502404,0.0,0
9,279.48,238,279.48343363378757,0.997,2.1,2.1,Null,0.0,146.44278111525358,292.88556223050716,0.0,0
10,279.12,234,279.12250718552303,1.078,2.1,2.1,Null,0.0,146.36071691127484,292.72143382254967,0.0,0
11,278.62,230,278.6196871924445,1.156,2.1,2.1,Null,0.0,146.2438943245193,292.4877886490386,0.0,0
12,278.62,229,278.6196871924445,1.231,2.1,2.1,Null,0.0,146.14504444341844,292.2900888868369,0.0,0
13,278.62,226,278.6196871924445,1.353,2.0,2.1,Null,0.0,146.06031597390344,292.1206319478069,0.0,0
14,278.62,224,278.6196871924445,1.421,1.85,2.0,Null,0.0,145.9868846336571,291.9737692673142,0.0,0
15,278.62,222,278.6196871924445,1.485,1.75,1.85,Null,0.0,145.92263221094157,291.84526442188314,0.0,0
16,278.62,222,278.6196871924445,1.495,1.7,1.75,Null,0.0,145.8659388967808,291.7318777935616,0.0,0
