,bg,eq_BG,CGM_glucose,IOB,rate,running_temp,unsafe_action_reason,LBGI,HBGI,BGI,Label,detection
0,300.0,305,300.0,-0.1,2.1,0.0,Null,0.0,169.75993762032834,339.5198752406567,0.0,0
1,300.0,296,300.0,0.1,2.1,2.1,Null,0.0,169.75993762032834,339.5198752406567,0.0,0
2,300.0,291,300.0,0.2,2.1,2.1,Null,0.0,169.75993762032834,339.5198752406567,0.0,0
3,300.0,285,300.0,0.349,2.1,2.1,Null,0.0,169.75993762032834,339.5198752406567,0.0,0
4,299.99,300,299.98974011834014,0.0,2.1,0.0,Null,0.0,169.75755135028152,339.51510270056303,0.0,0
5,299.95,293,299.95161150808394,0.15,2.1,2.1,Null,0.0,169.7485704857736,339.4971409715472,0.0,0
6,299.86,289,299.8630341770974,0.249,2.1,2.1,Null,0.0,169.7274403743847,339.4548807487694,0.0,0
7,299.71,282,299.71057643386376,0.397,2.1,2.1,Null,0.0,169.68943155968321,339.37886311936643,0.0,0
8,299.48,277,299.4758671405078,0.493,2.1,2.1,Null,0.0,169.62954350720153,339.25908701440306,0.0,0
9,299.14,273,299.1374903975605,0.587,2.1,2.1,Null,0.0,169.54228672534276,339.0845734506855,0.0,0
10,298.67,268,298.6725315167004,0.679,2.1,2.1,Null,0.0,169.42174756618797,338.84349513237595,0.0,0
11,298.06,261,298.0578325752417,0.818,2.1,2.1,Null,0.0,169.26174280875787,338.52348561751575,0.0,0
12,297.27,257,297.2710046964484,0.904,2.1,2.1,Null,0.0,169.0559940783348,338.1119881566696,0.0,0
13,296.29,250,296.2912345091492,1.037,2.1,2.1,Null,0.0,168.79829526673194,337.5965905334639,0.0,0
14,295.1,246,295.09991432410186,1.117,2.1,2.1,Null,0.0,168.48266275304624,336.9653255060925,0.0,0
15,293.68,241,293.6811194162262,1.194,2.1,2.1,Null,0.0,168.103465055577,336.206930111154,0.0,0
16,292.02,236,292.0219512451301,1.267,2.1,2.1,Null,0.0,167.655531443948,335.311062887896,0.0,0
17,290.11,229,290.11276222895634,1.387,1.95,2.1,Null,0.0,167.13424027183856,334.26848054367713,0.0,0
18,143.97,83,287.947275534586,1.353,0.0,1.95,row_37,0.0,166.53558829244702,333.07117658489403,0.0,100
