,bg,eq_BG,CGM_glucose,IOB,rate,running_temp,unsafe_action_reason,LBGI,HBGI,BGI,Label,detection
0,220.0,225,220.0,-0.1,2.1,0.0,Null,0.0,78.96870649548038,157.93741299096075,0.0,0
1,220.0,216,220.0,0.1,2.1,2.1,Null,0.0,78.96870649548038,157.93741299096075,0.0,0
2,220.0,211,220.0,0.2,2.1,2.1,Null,0.0,78.96870649548038,157.93741299096075,0.0,0
3,220.0,208,220.0,0.299,2.1,2.1,Null,0.0,78.96870649548038,157.93741299096075,0.0,0
4,220.0,201,220.0,0.446,2.1,2.1,Null,0.0,78.96870649548038,157.93741299096075,0.0,0
5,219.99,220,219.99349635020727,0.0,2.1,2.1,Null,0.0,78.96753963497248,157.93507926994496,0.0,0
6,219.97,220,219.96937926622596,0.0,2.1,2.1,Null,0.0,78.96299744163527,157.92599488327053,0.0,0
7,219.91,213,219.9134752715904,0.15,2.1,2.1,Null,0.0,78.95206920758304,157.90413841516607,0.0,0
8,219.81,209,219.8097959008743,0.249,2.1,2.1,Null,0.0,78.93117222299328,157.86234444598657,0.0,0
9,109.82,96,219.64154468059095,0.297,0.0,2.1,row_37,0.0,78.8963539645331,157.7927079290662,0.0,100
