,bg,eq_BG,CGM_glucose,IOB,rate,running_temp,unsafe_action_reason,LBGI,HBGI,BGI,Label,detection
0,140.0,145,140.0,-0.1,2.1,0.0,Null,0.0,8.324939472904685,16.64987894580937,0.0,0
1,140.0,136,140.0,0.1,0.8,2.1,Null,0.0,8.324939472904685,16.64987894580937,0.0,0
2,140.0,136,140.0,0.1,1.85,0.8,Null,0.0,8.324939472904685,16.64987894580937,0.0,0
3,140.0,131,140.0,0.2,0.85,1.85,Null,0.0,8.324939472904685,16.64987894580937,0.0,0
4,140.0,131,140.0,0.198,1.6,0.85,Null,0.0,8.324939472904685,16.64987894580937,0.0,0
5,140.0,130,140.00077334578376,0.247,0.9,1.6,Null,0.0,8.325009749062398,16.650019498124795,0.0,0
6,140.0,128,140.0007841305016,0.294,1.4,0.9,Null,0.0,8.325060786359256,16.65012157271851,0.0,0
7,140.0,126,139.99958230919157,0.34,0.95,1.4,Null,0.0,8.325017155038884,16.650034310077768,0.0,0
8,140.0,127,139.99548854048058,0.335,1.3,0.95,Null,0.0,8.324735229393767,16.649470458787533,0.0,0
9,139.99,125,139.98788656855675,0.379,1.0,1.3,Null,0.0,8.324095293799335,16.64819058759867,0.0,0
10,139.99,125,139.98788656855675,0.372,1.0,1.0,Null,0.0,8.323571710131164,16.647143420262328,0.0,0
11,139.99,123,139.98788656855675,0.414,1.25,1.0,Null,0.0,8.323135390407689,16.646270780815378,0.0,0
12,139.99,123,139.98788656855675,0.455,0.9,1.25,Null,0.0,8.322766196795516,16.645532393591033,0.0,0
13,139.99,123,139.98788656855675,0.444,1.2,0.9,Null,0.0,8.32244974512794,16.64489949025588,0.0,0
14,139.99,124,139.98788656855675,0.433,0.9,1.2,row_8,0.0,8.322175487016043,16.644350974032086,0.0,100
15,139.99,122,139.98788656855675,0.471,1.2,0.9,Null,0.0,8.32193551116813,16.64387102233626,0.0,0
