Scenario,fault,faultinf,Patient,init_bg,alert,alert_num,hazard_num,sub_TN,sub_FN,sub_TP,sub_FP,sub_TPR, sub_FPR,T2,T3,Reaction time(T3-t2),f1_micro,f1_macro,f1_weighted,Iteration_number,glucose_at_T3,prediction_rate,TN,FN,TP,FP,hazard_msg
0,0,N/A,patientF,140,row_6,1,16,283,16,0,1,0.0,0.0035211267605633804,97.0,49.0,-48.0,0.9433333333333332, 0.4854202401372213,0.9190623213264724,300,72.9951476511774,0,0, 0,1,0,H1
0,0,N/A,patientF,200,N/A,0,19,281,19,0,0,0.0,0.0,N/A,43.0,N/A,0.9366666666666666, 0.4836488812392427,0.906035570854848,300,63.86361212695733,0.8421052631578947,0, 1,0,0,H1
0,0,N/A,patientF,160,N/A,0,19,281,19,0,0,0.0,0.0,N/A,47.0,N/A,0.9366666666666666, 0.4836488812392427,0.906035570854848,300,70.09034755371718,0.5263157894736842,0, 1,0,0,H1
0,0,N/A,patientF,80,N/A,0,2,298,2,0,0,0.0,0.0,N/A,77.0,N/A,0.9933333333333333, 0.4983277591973244,0.9900111482720177,300,76.42138118249638,0,0, 1,0,0,H1
0,0,N/A,patientF,120,N/A,0,10,290,10,0,0,0.0,0.0,N/A,52.0,N/A,0.9666666666666667, 0.4915254237288135,0.9502824858757062,300,74.30826557308522,0,0, 1,0,0,H1
0,0,N/A,patientF,100,row_6,1,6,293,6,0,1,0.0,0.003401360544217687,19.0,60.0,41.0,0.9766666666666667, 0.494097807757167,0.9684317032040474,300,75.57548832731223,0,0, 0,1,0,H1
0,0,N/A,patientF,180,N/A,0,20,280,20,0,0,0.0,0.0,N/A,44.0,N/A,0.9333333333333333, 0.4827586206896552,0.9011494252873564,300,67.70298729331593,0.75,0, 1,0,0,H1
