,bg,eq_BG,CGM_glucose,IOB,rate,running_temp,unsafe_action_reason,LBGI,HBGI,BGI,Label,detection
0,120,125,120.0,-0.1,1.35,0.0,Null,0.0,0.7206566170199675,1.441313234039935,0.0,0
1,120,118,120.0,0.05,0.7,1.35,Null,0.0,0.7206566170199675,1.441313234039935,0.0,0
2,120,120,120.0,0.001,1.15,0.7,Null,0.0,0.7206566170199675,1.441313234039935,0.0,0
3,120,118,120.0,0.051,0.75,1.15,Null,0.0,0.7206566170199675,1.441313234039935,0.0,0
4,120,116,120.0,0.1,0.95,0.75,Null,0.0,0.7206566170199675,1.441313234039935,0.0,0
5,120,116,120.0,0.1,0.95,0.95,Null,0.0,0.7206566170199675,1.441313234039935,0.0,0
