,bg,eq_BG,CGM_glucose,IOB,rate,running_temp,unsafe_action_reason,LBGI,HBGI,BGI,Label,detection
0,160.0,165,160.0,-0.1,2.1,0.0,Null,0.0,21.656145843721255,43.31229168744251,0.0,0
1,160.0,156,160.0,0.1,1.7,2.1,Null,0.0,21.656145843721255,43.31229168744251,0.0,0
2,160.0,153,160.0,0.15,1.7,1.7,Null,0.0,21.656145843721255,43.31229168744251,0.0,0
3,160.0,160,160.0,0.0,2.1,0.0,Null,0.0,21.656145843721255,43.31229168744251,0.0,0
4,160.0,153,159.99755159486256,0.15,1.25,2.1,Null,0.0,21.655768211470303,43.311536422940605,0.0,0
5,159.99,151,159.9884999475867,0.199,1.8,1.25,Null,0.0,21.65435312630258,43.30870625260516,0.0,0
6,159.97,149,159.97284347917414,0.247,1.3,1.8,Null,0.0,21.651617864417222,43.303235728834444,0.0,0
7,159.95,145,159.94711635390016,0.345,1.3,1.3,Null,0.0,21.6470875094928,43.2941750189856,0.0,0
8,159.91,143,159.90808112909897,0.391,1.3,1.3,Null,0.0,21.640221879442517,43.280443758885035,0.0,0
9,159.85,141,159.85108499844642,0.435,1.55,1.3,Null,0.0,21.630340063746104,43.26068012749221,0.0,0
10,159.77,140,159.77216365459412,0.478,1.5,1.55,Null,0.0,21.616734079157162,43.233468158314324,0.0,0
11,159.67,138,159.66801326444428,0.52,1.5,1.5,Null,0.0,21.59872434794616,43.19744869589232,0.0,0
12,79.77,59,159.53595711251893,0.51,0.0,1.5,row_37,0.0,21.575687968624827,43.151375937249654,0.0,100
