,bg,eq_BG,CGM_glucose,IOB,rate,running_temp,unsafe_action_reason,LBGI,HBGI,BGI,Label,detection
0,140,145,140.0,-0.1,2.1,0.0,Null,0.0,8.324939472904685,16.64987894580937,0.0,0
1,140,136,140.0,0.1,0.8,2.1,Null,0.0,8.324939472904685,16.64987894580937,0.0,0
2,140,136,140.0,0.1,1.85,0.8,Null,0.0,8.324939472904685,16.64987894580937,0.0,0
3,140,131,140.0,0.2,0.85,1.85,Null,0.0,8.324939472904685,16.64987894580937,0.0,0
4,140,131,140.0,0.198,1.6,0.85,Null,0.0,8.324939472904685,16.64987894580937,0.0,0
5,140,140,140.0,0.0,2.05,0.0,Null,0.0,8.324939472904685,16.64987894580937,0.0,0
6,140,133,140.0,0.15,0.8,2.05,Null,0.0,8.324939472904685,16.64987894580937,0.0,0
7,140,133,140.0,0.149,1.7,0.8,Null,0.0,8.324939472904685,16.64987894580937,0.0,0
8,140,131,140.0,0.198,0.9,1.7,Null,0.0,8.324939472904685,16.64987894580937,0.0,0
