,bg,eq_BG,CGM_glucose,IOB,rate,running_temp,unsafe_action_reason,LBGI,HBGI,BGI,Label,detection
0,220.0,225,220.0,-0.1,2.1,0.0,Null,0.0,78.96870649548038,157.93741299096075,0.0,0
1,220.0,216,220.0,0.1,2.1,2.1,Null,0.0,78.96870649548038,157.93741299096075,0.0,0
2,220.0,220,220.0,0.0,2.1,0.0,Null,0.0,78.96870649548038,157.93741299096075,0.0,0
3,220.0,213,220.0,0.15,2.1,2.1,Null,0.0,78.96870649548038,157.93741299096075,0.0,0
4,219.99,209,219.99349635020727,0.249,2.1,2.1,Null,0.0,78.9673062628709,157.9346125257418,0.0,0
5,219.98,203,219.97831632528252,0.397,2.1,2.1,Null,0.0,78.96364930035023,157.92729860070045,0.0,0
6,219.95,199,219.94661300727597,0.493,2.1,2.1,Null,0.0,78.95616206951489,157.91232413902978,0.0,0
7,219.95,196,219.94661300727597,0.587,2.1,2.1,Null,0.0,78.95054664638837,157.90109329277675,0.0,0
8,219.95,192,219.94661300727597,0.679,2.1,2.1,Null,0.0,78.94617909506778,157.89235819013555,0.0,0
9,219.95,186,219.94661300727597,0.818,2.1,2.1,Null,0.0,78.94268505401129,157.88537010802258,0.0,0
10,219.95,183,219.94661300727597,0.905,2.1,2.1,Null,0.0,78.9398262931469,157.8796525862938,0.0,0
11,219.95,178,219.94661300727597,1.038,2.1,2.1,Null,0.0,78.93744399242657,157.87488798485313,0.0,0
12,219.95,176,219.94661300727597,1.118,2.1,2.1,Null,0.0,78.93542819950936,157.87085639901872,0.0,0
13,219.95,173,219.94661300727597,1.195,2.1,2.1,Null,0.0,78.9337003770089,157.8674007540178,0.0,0
