,bg,eq_BG,CGM_glucose,IOB,rate,running_temp,unsafe_action_reason,LBGI,HBGI,BGI,Label,detection
0,240.0,245,240.0,-0.1,2.1,0.0,Null,0.0,100.93578704822124,201.8715740964425,0.0,0
1,240.0,236,240.0,0.1,2.1,2.1,Null,0.0,100.93578704822124,201.8715740964425,0.0,0
2,240.0,231,240.0,0.2,2.1,2.1,Null,0.0,100.93578704822124,201.8715740964425,0.0,0
3,240.0,240,240.0,0.0,2.1,0.0,Null,0.0,100.93578704822124,201.8715740964425,0.0,0
4,239.99,233,239.9925572922405,0.15,2.1,2.1,Null,0.0,100.93412415128084,201.86824830256168,0.0,0
5,239.96,229,239.96493925003085,0.249,2.1,2.1,Null,0.0,100.92787351733911,201.85574703467822,0.0,0
6,239.91,222,239.91062439356298,0.397,2.1,2.1,Null,0.0,100.91474138400852,201.82948276801704,0.0,0
7,239.82,219,239.81814633220458,0.493,2.1,2.1,Null,0.0,100.89198095411876,201.78396190823753,0.0,0
8,239.67,214,239.67275885427804,0.587,2.1,2.1,Null,0.0,100.8562385672258,201.7124771344516,0.0,0
9,239.46,210,239.4577894706454,0.679,2.1,2.1,Null,0.0,100.80364463878823,201.60728927757646,0.0,0
10,239.16,203,239.1557348009198,0.818,2.1,2.1,Null,0.0,100.72996787537949,201.45993575075897,0.0,0
11,238.75,200,238.74914180200378,0.905,2.1,2.1,Null,0.0,100.63077634763731,201.26155269527462,0.0,0
12,119.11,79,238.2213102852178,0.938,0.0,2.1,row_37,0.0,100.501586702142,201.003173404284,0.0,100
