,bg,eq_BG,CGM_glucose,IOB,rate,running_temp,unsafe_action_reason,LBGI,HBGI,BGI,Label,detection
0,260.0,265,260.0,-0.1,2.1,0.0,Null,0.0,123.5514866456562,247.1029732913124,0.0,0
1,260.0,256,260.0,0.1,2.1,2.1,Null,0.0,123.5514866456562,247.1029732913124,0.0,0
2,260.0,251,260.0,0.2,2.1,2.1,Null,0.0,123.5514866456562,247.1029732913124,0.0,0
3,260.0,245,260.0,0.349,2.1,2.1,Null,0.0,123.5514866456562,247.1029732913124,0.0,0
4,260.0,260,260.0,0.0,2.1,2.1,Null,0.0,123.5514866456562,247.1029732913124,0.0,0
5,259.99,260,259.9916182342737,0.0,2.1,2.1,Null,0.0,123.54989092207683,247.09978184415365,0.0,0
6,259.99,260,259.9916182342737,0.0,2.1,2.1,Null,0.0,123.54875111952015,247.0975022390403,0.0,0
7,259.99,253,259.9916182342737,0.15,2.1,2.1,Null,0.0,123.54789626760265,247.0957925352053,0.0,0
8,259.99,249,259.9916182342737,0.249,2.1,2.1,Null,0.0,123.54723138277792,247.09446276555585,0.0,0
9,259.99,243,259.9916182342737,0.397,2.1,2.1,Null,0.0,123.54669947491814,247.09339894983628,0.0,0
