,bg,eq_BG,CGM_glucose,IOB,rate,running_temp,unsafe_action_reason,LBGI,HBGI,BGI,Label,detection
0,200.0,205,200.0,-0.1,2.1,0.0,Null,0.0,58.02374061481669,116.04748122963338,0.0,0
1,200.0,196,200.0,0.1,2.1,2.1,Null,0.0,58.02374061481669,116.04748122963338,0.0,0
2,200.0,191,200.0,0.2,2.1,2.1,Null,0.0,58.02374061481669,116.04748122963338,0.0,0
3,200.0,200,200.0,0.0,2.1,0.0,Null,0.0,58.02374061481669,116.04748122963338,0.0,0
4,199.99,193,199.99443540817407,0.15,2.1,2.1,Null,0.0,58.02261265747171,116.04522531494342,0.0,0
5,199.97,189,199.9738173590807,0.249,2.1,2.1,Null,0.0,58.018378082647885,116.03675616529577,0.0,0
6,199.93,183,199.9341873166728,0.397,2.1,2.1,Null,0.0,58.00961639418564,116.01923278837128,0.0,0
7,199.87,179,199.86766597413194,0.493,2.1,2.1,Null,0.0,57.994620693990235,115.98924138798047,0.0,0
8,199.76,174,199.76376248017934,0.587,2.1,2.1,Null,0.0,57.97126464667439,115.94252929334878,0.0,0
9,199.61,171,199.610434375204,0.679,2.1,2.1,Null,0.0,57.93705824270812,115.87411648541624,0.0,0
10,199.39,165,199.39494071033957,0.818,1.6,2.1,Null,0.0,57.88925376588072,115.77850753176143,0.0,0
11,199.1,163,199.1045236482653,0.855,2.1,1.6,Null,0.0,57.82495871738593,115.64991743477187,0.0,0
12,198.73,157,198.72694727501107,0.989,1.7,2.1,Null,0.0,57.74124119997807,115.48248239995614,0.0,0
13,198.25,155,198.25091673786645,1.019,1.7,1.7,Null,0.0,57.63522307843481,115.27044615686962,0.0,0
14,197.67,151,197.66831382154862,1.096,1.7,1.7,Null,0.0,57.50428821131262,115.00857642262524,0.0,0
15,98.49,53,196.97192317414522,1.071,0.0,1.7,row_37,0.0,57.34607093877861,114.69214187755722,0.0,100
