,bg,eq_BG,CGM_glucose,IOB,rate,running_temp,unsafe_action_reason,LBGI,HBGI,BGI,Label,detection
0,260.0,265,260.0,-0.1,2.1,0.0,Null,0.0,123.5514866456562,247.1029732913124,0.0,0
1,260.0,256,260.0,0.1,2.1,2.1,Null,0.0,123.5514866456562,247.1029732913124,0.0,0
2,260.0,251,260.0,0.2,2.1,2.1,Null,0.0,123.5514866456562,247.1029732913124,0.0,0
3,260.0,245,260.0,0.349,2.1,2.1,Null,0.0,123.5514866456562,247.1029732913124,0.0,0
4,260.0,241,260.0,0.446,2.1,2.1,Null,0.0,123.5514866456562,247.1029732913124,0.0,0
5,259.99,238,259.9916182342737,0.541,2.1,2.1,Null,0.0,123.54989092207683,247.09978184415365,0.0,0
6,259.96,233,259.9604977543431,0.634,2.1,2.1,Null,0.0,123.5436728648342,247.0873457296684,0.0,0
7,259.89,228,259.8882682834755,0.775,2.1,2.1,Null,0.0,123.52869663297645,247.0573932659529,0.0,0
8,259.75,224,259.75414057988655,0.862,2.1,2.1,Null,0.0,123.50002741996164,247.00005483992328,0.0,0
9,259.54,218,259.5361988571799,0.997,2.1,2.1,Null,0.0,123.45220427957545,246.9044085591509,0.0,0
10,259.21,214,259.2124448295354,1.078,2.1,2.1,Null,0.0,123.37947399588711,246.75894799177422,0.0,0
11,258.76,211,258.76163603955996,1.156,2.1,2.1,Null,0.0,123.27598952030613,246.55197904061225,0.0,0
12,258.16,207,258.16395188186567,1.231,2.1,2.1,Null,0.0,123.1359772042306,246.2719544084612,0.0,0
13,258.16,204,258.16395188186567,1.353,2.0,2.1,Null,0.0,123.01596664759444,246.03193329518888,0.0,0
14,258.16,203,258.16395188186567,1.421,1.85,2.0,Null,0.0,122.91195749850976,245.82391499701953,0.0,0
15,258.16,201,258.16395188186567,1.485,1.75,1.85,Null,0.0,122.82094949306068,245.64189898612136,0.0,0
16,258.16,202,258.16395188186567,1.496,1.7,1.75,Null,0.0,122.74064831178207,245.48129662356413,0.0,0
