,bg,eq_BG,CGM_glucose,IOB,rate,running_temp,unsafe_action_reason,LBGI,HBGI,BGI,Label,detection
0,180.0,185,180.0,-0.1,2.1,0.0,Null,0.0,38.64655755271278,77.29311510542556,0.0,0
1,180.0,176,180.0,0.1,2.1,2.1,Null,0.0,38.64655755271278,77.29311510542556,0.0,0
2,180.0,180,180.0,0.0,2.1,0.0,Null,0.0,38.64655755271278,77.29311510542556,0.0,0
3,180.0,173,180.0,0.15,2.1,2.1,Null,0.0,38.64655755271278,77.29311510542556,0.0,0
4,180.0,169,179.99537446614085,0.249,2.1,2.1,Null,0.0,38.64570876968892,77.29141753937785,0.0,0
5,179.99,163,179.98556505496924,0.397,2.1,2.1,Null,0.0,38.643642965543535,77.28728593108707,0.0,0
6,179.97,159,179.96570139655773,0.493,2.1,2.1,Null,0.0,38.639564208423764,77.27912841684753,0.0,0
7,179.93,156,179.92791436227066,0.587,2.1,2.1,Null,0.0,38.632172865660785,77.26434573132157,0.0,0
8,179.86,151,179.86239900374045,0.679,2.1,2.1,Null,0.0,38.619749527031715,77.23949905406343,0.0,0
9,179.76,146,179.75826989946637,0.818,1.3,2.1,Null,0.0,38.60026852641957,77.20053705283914,0.0,0
10,179.76,145,179.75826989946637,0.855,1.9,1.3,Null,0.0,38.58432952591872,77.16865905183744,0.0,0
11,179.76,143,179.75826989946637,0.939,1.3,1.9,Null,0.0,38.57104702550135,77.1420940510027,0.0,0
12,179.76,141,179.75826989946637,0.97,1.75,1.3,Null,0.0,38.55980798668665,77.1196159733733,0.0,0
13,179.76,141,179.75826989946637,0.998,1.25,1.75,Null,0.0,38.55017452484548,77.10034904969096,0.0,0
14,179.76,138,179.75826989946637,1.074,1.65,1.25,Null,0.0,38.54182552458313,77.08365104916626,0.0,0
15,179.76,138,179.75826989946637,1.097,1.25,1.65,Null,0.0,38.534520149353575,77.06904029870715,0.0,0
