,bg,eq_BG,CGM_glucose,IOB,rate,running_temp,unsafe_action_reason,LBGI,HBGI,BGI,Label,detection
0,320.0,325,320.0,-0.1,2.1,0.0,Null,0.0,193.03371819624064,386.0674363924813,0.0,0
1,320.0,316,320.0,0.1,2.1,2.1,Null,0.0,193.03371819624064,386.0674363924813,0.0,0
2,320.0,311,320.0,0.2,2.1,2.1,Null,0.0,193.03371819624064,386.0674363924813,0.0,0
3,320.0,305,320.0,0.349,2.1,2.1,Null,0.0,193.03371819624064,386.0674363924813,0.0,0
4,320.0,301,320.0,0.446,2.1,2.1,Null,0.0,193.03371819624064,386.0674363924813,0.0,0
5,319.99,298,319.98880106037336,0.541,2.1,2.1,Null,0.0,193.03154622488887,386.06309244977774,0.0,0
6,319.95,293,319.94716716437296,0.634,2.1,2.1,Null,0.0,193.02307366776125,386.0461473355225,0.0,0
7,319.85,287,319.85041012100953,0.775,2.1,2.1,Null,0.0,193.0026450494065,386.005290098813,0.0,0
8,319.67,284,319.6704984047426,0.862,2.1,2.1,Null,0.0,192.96349386425874,385.9269877285175,0.0,0
9,319.38,278,319.3777756329504,0.997,2.1,2.1,Null,0.0,192.89810874332076,385.7962174866415,0.0,0
10,318.94,273,318.94235849369136,1.079,2.1,2.1,Null,0.0,192.7985476221558,385.5970952443116,0.0,0
11,318.94,319,318.94235849369136,0.0,2.1,0.0,Null,0.0,192.71558002118502,385.43116004237004,0.0,0
12,318.94,312,318.94235849369136,0.15,2.1,2.1,Null,0.0,192.64537666651745,385.2907533330349,0.0,0
13,318.94,308,318.94235849369136,0.249,2.1,2.1,Null,0.0,192.5852023625166,385.1704047250332,0.0,0
14,215.94,199,318.94235849369136,0.397,0.0,2.1,row_37,0.0,192.53305129904928,385.06610259809855,0.0,100
15,215.94,52,318.94235849369136,0.243,0.0,0.0,row_37,0.0,192.48741911851536,384.9748382370307,0.0,100
