,bg,eq_BG,CGM_glucose,IOB,rate,running_temp,unsafe_action_reason,LBGI,HBGI,BGI,Label,detection
0,280.0,285,280.0,-0.1,2.1,0.0,Null,0.0,146.5547109009785,293.109421801957,0.0,0
1,280.0,276,280.0,0.1,2.1,2.1,Null,0.0,146.5547109009785,293.109421801957,0.0,0
2,280.0,271,280.0,0.2,2.1,2.1,Null,0.0,146.55471090097853,293.10942180195707,0.0,0
3,280.0,280,280.0,0.0,2.1,0.0,Null,0.0,146.5547109009785,293.109421801957,0.0,0
4,279.99,273,279.9906791763069,0.15,2.1,2.1,Null,0.0,146.55255498152766,293.1051099630553,0.0,0
5,279.96,269,279.9560550961969,0.249,2.1,2.1,Null,0.0,146.54444393315254,293.0888878663051,0.0,0
6,279.89,264,279.8870268865184,0.347,2.1,2.1,Null,0.0,146.52724617281024,293.0544923456205,0.0,0
7,139.88,122,279.768511380826,0.393,0.7,2.1,Null,0.0,146.49721608368304,292.9944321673661,0.0,0
