,bg,eq_BG,CGM_glucose,IOB,rate,running_temp,unsafe_action_reason,LBGI,HBGI,BGI,Label,detection
0,320,325,320.0,-0.1,2.1,0.0,Null,0.0,193.03371819624064,386.0674363924813,0.0,0
1,320,316,320.0,0.1,2.1,2.1,Null,0.0,193.03371819624064,386.0674363924813,0.0,0
2,320,311,320.0,0.2,2.1,2.1,Null,0.0,193.03371819624064,386.0674363924813,0.0,0
3,320,305,320.0,0.349,2.1,2.1,Null,0.0,193.03371819624064,386.0674363924813,0.0,0
4,320,301,320.0,0.446,2.1,2.1,Null,0.0,193.03371819624064,386.0674363924813,0.0,0
5,320,298,320.0,0.541,2.1,2.1,Null,0.0,193.03371819624064,386.0674363924813,0.0,0
6,320,293,320.0,0.634,2.1,2.1,Null,0.0,193.03371819624064,386.0674363924813,0.0,0
7,320,288,320.0,0.775,2.1,2.1,Null,0.0,193.03371819624064,386.0674363924813,0.0,0
