,bg,eq_BG,CGM_glucose,IOB,rate,running_temp,unsafe_action_reason,LBGI,HBGI,BGI,Label,detection
0,120.0,125,120.0,-0.1,1.35,0.0,Null,0.0,0.7206566170199675,1.441313234039935,0.0,0
1,120.0,118,120.0,0.05,0.7,1.35,Null,0.0,0.7206566170199675,1.441313234039935,0.0,0
2,120.0,120,120.0,0.001,1.15,0.7,Null,0.0,0.7206566170199675,1.441313234039935,0.0,0
3,120.0,118,120.0,0.051,0.75,1.15,Null,0.0,0.7206566170199675,1.441313234039935,0.0,0
4,120.0,116,120.0,0.1,0.95,0.75,Null,0.0,0.7206566170199675,1.441313234039935,0.0,0
5,120.0,116,119.99853010027316,0.1,0.95,0.95,Null,0.0,0.7206108931193601,1.4412217862387202,0.0,0
6,119.99,113,119.9906064251076,0.149,0.75,0.95,Null,0.0,0.7203670847596784,1.4407341695193567,0.0,0
7,119.97,113,119.97100760210198,0.147,0.75,0.75,Null,0.0,0.7197280100217895,1.439456020043579,0.0,0
8,119.93,113,119.93339840897876,0.145,0.75,0.75,Null,0.0,0.7184554733252506,1.4369109466505012,0.0,0
9,119.87,113,119.87082932984124,0.143,0.85,0.75,Null,0.0,0.7162834317859126,1.4325668635718252,0.0,0
10,119.78,113,119.77723572034108,0.141,0.85,0.85,Null,0.0,0.712952110621111,1.425904221242222,0.0,0
11,119.65,113,119.6474289946604,0.139,0.85,0.85,Null,0.0,0.7082276179351277,1.4164552358702553,0.0,0
12,119.48,113,119.47707837129656,0.135,0.85,0.85,Null,0.0,0.7019146511671658,1.4038293023343316,0.0,0
13,119.26,113,119.26213682081358,0.132,0.85,0.85,Null,0.0,0.6938587187754529,1.3877174375509058,0.0,0
14,119.0,113,118.99897360930134,0.128,0.85,0.85,Null,0.0,0.6839514034615991,1.3679028069231982,0.0,0
15,118.68,113,118.68447162584408,0.124,0.7,0.85,Null,0.0,0.672136694431671,1.344273388863342,0.0,0
16,118.32,113,118.3160949562419,0.12,0.7,0.7,Null,0.0,0.6584172772893793,1.3168345545787585,0.0,0
17,117.89,112,117.89193126943704,0.116,0.7,0.7,Null,0.0,0.6428601140525798,1.2857202281051596,0.0,0
18,117.41,111,117.41071288454836,0.111,0.7,0.7,Null,0.0,0.6256008979585601,1.2512017959171202,0.0,0
19,116.87,111,116.8726272037216,0.106,0.7,0.7,Null,0.0,0.6068516867884279,1.2137033735768559,0.0,0
20,116.28,111,116.2790485850788,0.102,0.7,0.7,Null,0.0,0.5869016834297438,1.1738033668594876,0.0,0
21,116.28,112,116.2790485850788,0.097,0.8,0.7,Null,0.0,0.568765316740031,1.137530633480062,0.0,0
22,116.28,111,116.2790485850788,0.142,0.8,0.8,Null,0.0,0.5522060254146409,1.1044120508292818,0.0,0
23,116.28,111,116.2790485850788,0.138,0.8,0.8,Null,0.0,0.5370266750330335,1.074053350066067,0.0,0
