,bg,eq_BG,CGM_glucose,IOB,rate,running_temp,unsafe_action_reason,LBGI,HBGI,BGI,Label,detection
0,100.0,105,100.0,-0.1,0.25,0.0,Null,2.410255627044251,0.0,4.820511254088502,0.0,0
1,100.0,100,100.0,0.0,0.0,0.25,Null,2.410255627044251,0.0,4.820511254088502,0.0,0
2,100.0,105,100.0,-0.1,0.25,0.0,Null,2.410255627044251,0.0,4.820511254088502,0.0,0
3,100.0,104,100.0,-0.099,0.15,0.25,Null,2.410255627044251,0.0,4.820511254088502,0.0,0
4,100.0,107,100.00270949628396,-0.148,0.45,0.15,Null,2.410034398759162,0.0,4.820068797518324,0.0,0
5,100.01,109,100.01314288207074,-0.197,0.6,0.45,Null,2.4091774558942327,0.0,4.818354911788465,0.0,0
6,100.04,108,100.03727575991932,-0.194,0.5,0.6,Null,2.40716107568167,0.0,4.81432215136334,0.0,0
7,100.08,108,100.08172739113377,-0.192,0.5,0.5,Null,2.4033928468547057,0.0,4.806785693709411,0.0,0
8,100.15,108,100.15273203971412,-0.188,0.5,0.5,Null,2.397276401338919,0.0,4.794552802677838,0.0,0
9,100.26,110,100.2557070268066,-0.234,0.7,0.5,Null,2.3882597082125456,0.0,4.776519416425091,0.0,0
10,100.26,107,100.2557070268066,-0.18,0.45,0.7,Null,2.3808824138364217,0.0,4.7617648276728435,0.0,0
11,100.26,109,100.2557070268066,-0.225,0.6,0.45,Null,2.3747346685229855,0.0,4.749469337045971,0.0,0
12,100.26,109,100.2557070268066,-0.219,0.6,0.6,Null,2.369532730180847,0.0,4.739065460361694,0.0,0
13,100.26,109,100.2557070268066,-0.214,0.6,0.6,Null,2.365073925887585,0.0,4.73014785177517,0.0,0
14,100.26,108,100.2557070268066,-0.207,0.5,0.6,Null,2.361209628833425,0.0,4.72241925766685,0.0,0
