,bg,eq_BG,CGM_glucose,IOB,rate,running_temp,unsafe_action_reason,LBGI,HBGI,BGI,Label,detection
0,260.0,265,260.0,-0.1,2.1,0.0,Null,0.0,123.5514866456562,247.1029732913124,0.0,0
1,260.0,260,260.0,0.0,2.1,0.0,Null,0.0,123.5514866456562,247.1029732913124,0.0,0
2,260.0,253,260.0,0.15,2.1,2.1,Null,0.0,123.5514866456562,247.1029732913124,0.0,0
3,260.0,249,260.0,0.249,2.1,2.1,Null,0.0,123.5514866456562,247.1029732913124,0.0,0
4,260.0,243,260.0021805254016,0.397,2.1,2.1,Null,0.0,123.55198480290622,247.10396960581244,0.0,0
5,260.0,239,259.9997145033104,0.493,2.1,2.1,Null,0.0,123.55184742355156,247.10369484710313,0.0,0
6,259.98,236,259.9792902102427,0.587,2.1,2.1,Null,0.0,123.54841641218398,247.09683282436797,0.0,0
7,259.98,232,259.9792902102427,0.679,2.1,2.1,Null,0.0,123.54584315365828,247.09168630731656,0.0,0
8,259.98,226,259.9792902102427,0.818,2.1,2.1,Null,0.0,123.54384173036053,247.08768346072105,0.0,0
9,259.98,223,259.9792902102427,0.905,2.1,2.1,Null,0.0,123.54224059172232,247.08448118344464,0.0,0
10,259.98,218,259.9792902102427,1.038,2.1,2.1,Null,0.0,123.54093056920014,247.08186113840028,0.0,0
11,259.98,216,259.9792902102427,1.118,2.1,2.1,Null,0.0,123.53983888376499,247.07967776752997,0.0,0
