,bg,eq_BG,CGM_glucose,IOB,rate,running_temp,unsafe_action_reason,LBGI,HBGI,BGI,Label,detection
0,120.0,125,120.0,-0.1,1.35,0.0,Null,0.0,0.7206566170199675,1.441313234039935,0.0,0
1,120.0,118,120.0,0.05,0.7,1.35,Null,0.0,0.7206566170199675,1.441313234039935,0.0,0
2,120.0,120,120.0,0.001,1.15,0.7,Null,0.0,0.7206566170199675,1.441313234039935,0.0,0
3,120.0,118,120.0,0.051,0.75,1.15,Null,0.0,0.7206566170199675,1.441313234039935,0.0,0
4,120.0,120,120.0014415757729,0.0,1.05,0.0,Null,0.0,0.7207104379233953,1.4414208758467906,0.0,0
5,120.01,118,120.0057065593264,0.05,0.7,1.05,Null,0.0,0.720879057943355,1.44175811588671,0.0,0
6,120.02,118,120.01501232597782,0.05,0.95,0.7,Null,0.0,0.7212479542774666,1.4424959085549331,0.0,0
7,120.03,116,120.03383625621431,0.099,0.7,0.95,Null,0.0,0.7219651310812069,1.4439302621624137,0.0,0
8,120.07,118,120.06567897634213,0.048,1.0,0.7,Null,0.0,0.7231873285600574,1.4463746571201148,0.0,0
9,120.11,117,120.1140185617819,0.097,0.7,1.0,Null,0.0,0.7250772052698135,1.450154410539627,0.0,0
10,120.18,117,120.1815985891995,0.096,0.9,0.7,Null,0.0,0.7277907492567149,1.4555814985134299,0.0,0
11,120.27,115,120.27109875431262,0.144,0.9,0.9,Null,0.0,0.731482311734699,1.462964623469398,0.0,0
12,120.38,115,120.3843369629125,0.142,0.9,0.9,Null,0.0,0.7362962217803638,1.4725924435607276,0.0,0
13,120.52,114,120.52311649205258,0.189,0.8,0.9,Null,0.0,0.7423740021402778,1.4847480042805556,0.0,0
14,120.69,114,120.68866983255825,0.185,0.8,0.8,Null,0.0,0.7498518092952112,1.4997036185904224,0.0,0
15,120.88,115,120.88174012482638,0.182,0.8,0.8,Null,0.0,0.7588597190007257,1.5177194380014514,0.0,0
16,121.1,115,121.10265372731726,0.177,0.9,0.8,Null,0.0,0.7695218319528758,1.5390436639057516,0.0,0
17,60.68,58,121.35161881567694,0.122,0.0,0.9,row_37,0.0,0.7819594847384715,1.563918969476943,0.0,100
