,bg,eq_BG,CGM_glucose,IOB,rate,running_temp,unsafe_action_reason,LBGI,HBGI,BGI,Label,detection
0,280.0,285,280.0,-0.1,2.1,0.0,Null,0.0,146.5547109009785,293.109421801957,0.0,0
1,280.0,276,280.0,0.1,2.1,2.1,Null,0.0,146.5547109009785,293.109421801957,0.0,0
2,280.0,271,280.0,0.2,2.1,2.1,Null,0.0,146.55471090097853,293.10942180195707,0.0,0
3,280.0,280,280.0,0.0,2.1,0.0,Null,0.0,146.5547109009785,293.109421801957,0.0,0
4,279.99,273,279.9906791763069,0.15,2.1,2.1,Null,0.0,146.55255498152766,293.1051099630553,0.0,0
5,279.96,269,279.9560550961969,0.249,2.1,2.1,Null,0.0,146.54444393315254,293.0888878663051,0.0,0
6,279.89,262,279.8870268865184,0.397,2.1,2.1,Null,0.0,146.52724617281024,293.0544923456205,0.0,0
7,279.77,258,279.768511380826,0.493,2.1,2.1,Null,0.0,146.49721608368304,292.9944321673661,0.0,0
8,279.58,254,279.5814630468884,0.587,2.1,2.1,Null,0.0,146.4498268059851,292.8996536119702,0.0,0
9,279.3,250,279.3045212154993,0.679,2.1,2.1,Null,0.0,146.37989451637014,292.7597890327403,0.0,0
10,278.92,243,278.91534880783666,0.818,2.1,2.1,Null,0.0,146.28177653447437,292.56355306894875,0.0,0
11,139.2,102,278.3917151364679,0.855,0.0,2.1,row_37,0.0,146.14957577905435,292.2991515581087,0.0,100
