,bg,eq_BG,CGM_glucose,IOB,rate,running_temp,unsafe_action_reason,LBGI,HBGI,BGI,Label,detection
0,220.0,225,220.0,-0.1,2.1,0.0,Null,0.0,78.96870649548038,157.93741299096075,0.0,0
1,220.0,216,220.0,0.1,2.1,2.1,Null,0.0,78.96870649548038,157.93741299096075,0.0,0
2,220.0,211,220.0,0.2,2.1,2.1,Null,0.0,78.96870649548038,157.93741299096075,0.0,0
3,220.0,205,220.0,0.349,2.1,2.1,Null,0.0,78.96870649548038,157.93741299096075,0.0,0
4,220.0,201,220.0,0.446,2.1,2.1,Null,0.0,78.96870649548038,157.93741299096075,0.0,0
5,219.98,198,219.98120165486657,0.541,2.1,2.1,Null,0.0,78.96533381529719,157.93066763059437,0.0,0
6,219.91,193,219.91106753898018,0.634,2.1,2.1,Null,0.0,78.95214043656057,157.90428087312114,0.0,0
7,219.44,219,219.44237602004014,0.0,2.1,0.0,Null,0.0,78.87922469970223,157.75844939940447,0.0,0
8,218.94,212,218.9444432061882,0.15,2.1,2.1,Null,0.0,78.76306735164492,157.52613470328984,0.0,0
9,218.2,207,218.20195058541944,0.249,2.1,2.1,Null,0.0,78.59048303400293,157.18096606800586,0.0,0
10,217.19,200,217.18585043219156,0.397,2.1,2.1,Null,0.0,78.35038877750125,156.7007775550025,0.0,0
11,215.86,190,215.8646972210827,0.493,2.1,2.1,Null,0.0,78.03279328302237,156.06558656604474,0.0,0
12,214.21,183,214.2072014929692,0.587,2.1,2.1,Null,0.0,77.62848999046068,155.25697998092136,0.0,0
13,212.18,176,212.18440543738876,0.679,2.1,2.1,Null,0.0,77.12907686492571,154.25815372985141,0.0,0
14,209.77,167,209.7715100914926,0.818,0.8,2.1,Null,0.0,76.52712853883541,153.05425707767083,0.0,0
15,206.95,164,206.94936983801992,0.805,1.7,0.8,Null,0.0,75.81643406290732,151.63286812581464,0.0,0
16,203.71,157,203.70565993554413,0.839,0.7,1.7,Null,0.0,74.99225396842338,149.98450793684677,0.0,0
17,200.04,152,200.03571754730646,0.821,0.7,0.7,Null,0.0,74.05157006270636,148.10314012541272,0.0,0
18,195.95,147,195.95497713044725,0.8,0.7,0.7,Null,0.0,72.99393714783113,145.98787429566227,0.0,0
19,191.49,141,191.4866395867218,0.778,0.7,0.7,Null,0.0,71.82144141302476,143.64288282604952,0.0,0
20,186.67,136,186.66961145085668,0.755,0.7,0.7,Null,0.0,70.5390306547132,141.0780613094264,0.0,0
21,181.55,130,181.5540506671111,0.73,0.7,0.7,Null,0.0,69.15450360817144,138.30900721634288,0.0,0
22,88.1,39,176.19737083379763,0.655,0.0,0.7,row_37,0.0,67.67827499934798,135.35654999869595,0.0,100
