,bg,eq_BG,CGM_glucose,IOB,rate,running_temp,unsafe_action_reason,LBGI,HBGI,BGI,Label,detection
0,220.0,225,220.0,-0.1,2.1,0.0,Null,0.0,78.96870649548038,157.93741299096075,0.0,0
1,220.0,216,220.0,0.1,2.1,2.1,Null,0.0,78.96870649548038,157.93741299096075,0.0,0
2,220.0,211,220.0,0.2,2.1,2.1,Null,0.0,78.96870649548038,157.93741299096075,0.0,0
3,220.0,205,220.0,0.349,2.1,2.1,Null,0.0,78.96870649548038,157.93741299096075,0.0,0
4,220.0,201,220.0,0.446,2.1,2.1,Null,0.0,78.96870649548038,157.93741299096075,0.0,0
5,219.98,198,219.98120165486657,0.541,2.1,2.1,Null,0.0,78.96533381529719,157.93066763059437,0.0,0
6,219.91,193,219.91106753898018,0.634,2.1,2.1,Null,0.0,78.95214043656057,157.90428087312114,0.0,0
7,219.91,188,219.91106753898018,0.775,2.1,2.1,Null,0.0,78.94224540250812,157.88449080501624,0.0,0
8,219.91,185,219.91106753898018,0.862,2.1,2.1,Null,0.0,78.93454926491177,157.86909852982353,0.0,0
9,219.91,179,219.91106753898018,0.997,2.1,2.1,Null,0.0,78.92839235483468,157.85678470966937,0.0,0
10,219.91,176,219.91106753898018,1.078,2.1,2.1,Null,0.0,78.92335488295343,157.84670976590687,0.0,0
11,219.91,174,219.91106753898018,1.156,2.1,2.1,Null,0.0,78.91915698971906,157.8383139794381,0.0,0
