,bg,eq_BG,CGM_glucose,IOB,rate,running_temp,unsafe_action_reason,LBGI,HBGI,BGI,Label,detection
0,180.0,185,180.0,-0.1,2.1,0.0,Null,0.0,38.64655755271278,77.29311510542556,0.0,0
1,180.0,176,180.0,0.1,2.1,2.1,Null,0.0,38.64655755271278,77.29311510542556,0.0,0
2,180.0,171,180.0,0.2,2.1,2.1,Null,0.0,38.64655755271278,77.29311510542556,0.0,0
3,180.0,165,180.0,0.349,2.1,2.1,Null,0.0,38.64655755271278,77.29311510542556,0.0,0
4,180.0,161,180.0,0.446,2.1,2.1,Null,0.0,38.64655755271278,77.29311510542556,0.0,0
5,180.0,158,179.99537446614085,0.541,2.1,2.1,Null,0.0,38.64585023352623,77.29170046705246,0.0,0
6,179.98,153,179.97825288748157,0.634,2.1,2.1,Null,0.0,38.64310101853204,77.28620203706409,0.0,0
7,179.94,148,179.9386371786198,0.775,1.35,2.1,Null,0.0,38.63649683625922,77.27299367251844,0.0,0
8,179.87,146,179.86530112867283,0.812,1.85,1.35,Null,0.0,38.62388865713479,77.24777731426958,0.0,0
9,179.57,180,179.57059325965548,0.0,2.1,0.0,Null,0.0,38.58681134970609,77.17362269941218,0.0,0
10,179.33,173,179.32899698696366,0.15,2.1,2.1,Null,0.0,38.536395237088456,77.07279047417691,0.0,0
11,179.33,168,179.32899698696366,0.249,2.1,2.1,Null,0.0,38.49438180990709,76.98876361981418,0.0,0
12,179.33,162,179.32899698696366,0.397,2.1,2.1,Null,0.0,38.45883198690748,76.91766397381495,0.0,0
13,179.33,158,179.32899698696366,0.493,2.1,2.1,Null,0.0,38.42836071005066,76.85672142010132,0.0,0
14,179.33,155,179.32899698696366,0.587,2.1,2.1,Null,0.0,38.40195227010809,76.80390454021618,0.0,0
15,179.33,152,179.32899698696366,0.679,2.1,2.1,Null,0.0,38.378844885158344,76.75768977031669,0.0,0
16,179.33,146,179.32899698696366,0.818,1.3,2.1,Null,0.0,38.35845601608503,76.71691203217006,0.0,0
