,bg,eq_BG,CGM_glucose,IOB,rate,running_temp,unsafe_action_reason,LBGI,HBGI,BGI,Label,detection
0,200.0,205,200.0,-0.1,2.1,0.0,Null,0.0,58.02374061481669,116.04748122963338,0.0,0
1,200.0,196,200.0,0.1,2.1,2.1,Null,0.0,58.02374061481669,116.04748122963338,0.0,0
2,200.0,191,200.0,0.2,2.1,2.1,Null,0.0,58.02374061481669,116.04748122963338,0.0,0
3,200.0,185,200.0,0.349,2.1,2.1,Null,0.0,58.02374061481669,116.04748122963338,0.0,0
4,200.0,181,200.0,0.446,2.1,2.1,Null,0.0,58.02374061481669,116.04748122963338,0.0,0
5,199.99,178,199.99443540817407,0.541,2.1,2.1,Null,0.0,58.022800650362534,116.04560130072507,0.0,0
6,199.97,173,199.9738173590807,0.634,2.1,2.1,Null,0.0,58.01914415867199,116.03828831734398,0.0,0
7,199.84,200,199.8375728397759,0.0,2.1,0.0,Null,0.0,57.99914712002974,115.99829424005948,0.0,0
8,199.69,193,199.69408899406537,0.15,2.1,2.1,Null,0.0,57.967450076223045,115.93490015244609,0.0,0
9,199.48,188,199.48139039030292,0.249,2.05,2.1,Null,0.0,57.92056896791404,115.84113793582809,0.0,0
10,199.19,182,199.1939396501792,0.397,1.65,2.05,Null,0.0,57.855793771130514,115.71158754226103,0.0,0
11,198.82,179,198.82476850581477,0.443,1.65,1.65,Null,0.0,57.77075315403721,115.54150630807442,0.0,0
12,198.37,174,198.3662408627715,0.537,1.65,1.65,Null,0.0,57.66324166999523,115.32648333999046,0.0,0
13,197.81,172,197.81085353427787,0.58,1.7,1.65,Null,0.0,57.53118099795567,115.06236199591135,0.0,0
14,197.15,167,197.15318581535035,0.67,1.6,1.7,Null,0.0,57.372729154329306,114.74545830865861,0.0,0
15,196.39,163,196.38974089411175,0.758,1.55,1.6,Null,0.0,57.186339279224526,114.37267855844905,0.0,0
16,97.76,65,195.5187842548252,0.743,0.0,1.55,row_37,0.0,56.97078820046833,113.94157640093665,0.0,100
