,bg,eq_BG,CGM_glucose,IOB,rate,running_temp,unsafe_action_reason,LBGI,HBGI,BGI,Label,detection
0,280.0,285,280.0,-0.1,2.1,0.0,Null,0.0,146.5547109009785,293.109421801957,0.0,0
1,280.0,276,280.0,0.1,2.1,2.1,Null,0.0,146.5547109009785,293.109421801957,0.0,0
2,280.0,280,280.0,0.0,2.1,0.0,Null,0.0,146.55471090097853,293.10942180195707,0.0,0
3,280.0,273,280.0,0.15,2.1,2.1,Null,0.0,146.5547109009785,293.109421801957,0.0,0
4,279.98,269,279.97542550590936,0.249,2.1,2.1,Null,0.0,146.5490268049433,293.0980536098866,0.0,0
5,279.91,262,279.91053896940554,0.397,2.1,2.1,Null,0.0,146.53273073295645,293.0654614659129,0.0,0
6,279.91,259,279.91053896940554,0.493,2.1,2.1,Null,0.0,146.52109068153723,293.04218136307446,0.0,0
7,279.91,255,279.91053896940554,0.587,2.1,2.1,Null,0.0,146.51236064297285,293.0247212859457,0.0,0
8,279.91,252,279.91053896940554,0.679,2.1,2.1,Null,0.0,146.50557061297832,293.01114122595664,0.0,0
9,279.91,246,279.91053896940554,0.818,2.1,2.1,Null,0.0,146.5001385889827,293.0002771779654,0.0,0
10,279.91,243,279.91053896940554,0.905,2.1,2.1,Null,0.0,146.49569420571356,292.9913884114271,0.0,0
