,bg,eq_BG,CGM_glucose,IOB,rate,running_temp,unsafe_action_reason,LBGI,HBGI,BGI,Label,detection
0,300.0,305,300.0,-0.1,2.1,0.0,Null,0.0,169.75993762032834,339.5198752406567,0.0,0
1,300.0,296,300.0,0.1,2.1,2.1,Null,0.0,169.75993762032834,339.5198752406567,0.0,0
2,300.0,291,300.0,0.2,2.1,2.1,Null,0.0,169.75993762032834,339.5198752406567,0.0,0
3,300.0,300,300.0,0.0,2.1,0.0,Null,0.0,169.75993762032834,339.5198752406567,0.0,0
4,299.97,293,299.9735001229236,0.15,2.1,2.1,Null,0.0,169.75377421683407,339.50754843366815,0.0,0
5,299.87,289,299.8744241203011,0.249,2.1,2.1,Null,0.0,169.7304626778218,339.4609253556436,0.0,0
6,299.67,282,299.67174325713455,0.397,2.1,2.1,Null,0.0,169.68014118210914,339.3602823642183,0.0,0
7,299.32,277,299.3178192946351,0.493,2.1,2.1,Null,0.0,169.5909559195729,339.1819118391458,0.0,0
8,149.38,125,298.75373187655885,0.537,0.7,2.1,Null,0.0,169.44871269818162,338.89742539636325,0.0,0
