Scenario#,Fault#,Fault-line,Alerts,Hazards,T1,T2,T3
8,2,"if _>=136:||data_to_prepend["glucose"]=str(48)",N/A,N/A,N/A,N/A,N/A
8,3,"if _>=182:||data_to_prepend["glucose"]=str(50)",N/A,N/A,N/A,N/A,N/A
8,4,"if _>=118:||data_to_prepend["glucose"]=str(62)", Glucose = 320.0 || Glucose = 320 || Glucose = 320 || Glucose = 320 || Glucose = 320 || Glucose = 319.9715747399378 || Glucose = 319.8652618021538 || Glucose = 319.6167077541378 || Glucose = 319.15184318635784 || Glucose = 318.39131753594023 || Glucose = 317.25437083516346 || Glucose = 315.6622643046646 || Glucose = 313.5413415315106 || Glucose = 310.825750027572 || Glucose = 307.45982062798083 || Glucose = 303.40007983342394 || Glucose = 298.61685759826383 || Glucose = 293.0968185085504 || Glucose = 286.8451752679887 || Glucose = 79.92029967008747 || Glucose = 79.81019543313323 || Glucose = 79.84240382513964 ,N/A,118.0,0.0||1.0||2.0||3.0||4.0||5.0||6.0||7.0||8.0||9.0||10.0||11.0||12.0||13.0||14.0||15.0||16.0||17.0||18.0||55.0||56.0||57.0,N/A
