,bg,eq_BG,CGM_glucose,IOB,rate,running_temp,unsafe_action_reason,LBGI,HBGI,BGI,Label,detection
0,140.0,145,140.0,-0.1,2.1,0.0,Null,0.0,8.324939472904685,16.64987894580937,0.0,0
1,140.0,136,140.0,0.1,0.8,2.1,Null,0.0,8.324939472904685,16.64987894580937,0.0,0
2,140.0,140,140.0,0.0,2.05,0.0,Null,0.0,8.324939472904685,16.64987894580937,0.0,0
3,140.0,133,140.0,0.15,0.8,2.05,Null,0.0,8.324939472904685,16.64987894580937,0.0,0
4,140.0,133,140.00077334578376,0.149,1.7,0.8,Null,0.0,8.32502380429394,16.65004760858788,0.0,0
5,140.01,131,140.00579447576442,0.198,0.9,1.7,Null,0.0,8.325536343762618,16.651072687525236,0.0,0
6,140.01,130,140.01482625555983,0.246,1.5,0.9,Null,0.0,8.326606117666476,16.65321223533295,0.0,0
7,140.03,128,140.02833164133716,0.293,0.95,1.5,Null,0.0,8.328329404737403,16.656658809474806,0.0,0
8,140.04,128,140.0448211172453,0.289,1.3,0.95,Null,0.0,8.330669632845453,16.661339265690906,0.0,0
9,140.06,126,140.0635998261269,0.334,1.05,1.3,Null,0.0,8.333567117337433,16.667134234674865,0.0,0
10,140.08,127,140.08294018397982,0.329,1.05,1.05,Null,0.0,8.3368982263361,16.6737964526722,0.0,0
11,140.1,125,140.10190915817853,0.372,1.05,1.05,Null,0.0,8.34053807164517,16.68107614329034,0.0,0
12,140.12,123,140.1192295818488,0.414,1.25,1.05,Null,0.0,8.344346438788504,16.688692877577008,0.0,0
13,140.13,123,140.13409437400304,0.455,0.9,1.25,Null,0.0,8.348191548380733,16.696383096761465,0.0,0
14,140.15,123,140.14606540961813,0.445,1.2,0.9,Null,0.0,8.351960674886197,16.703921349772394,0.0,0
15,140.15,124,140.15498956704226,0.434,0.9,1.2,Null,0.0,8.355563944600595,16.71112788920119,0.0,0
16,140.15,122,140.15498956704226,0.472,1.2,0.9,Null,0.0,8.358743300230945,16.71748660046189,0.0,0
17,140.15,123,140.15498956704226,0.46,0.9,1.2,row_8,0.0,8.36156939412459,16.72313878824918,0.0,100
18,140.15,122,140.15498956704226,0.496,1.15,0.9,Null,0.0,8.364098004450483,16.728196008900966,0.0,0
19,140.15,123,140.15498956704226,0.481,1.0,1.15,row_8,0.0,8.366373753743785,16.73274750748757,0.0,100
