,bg,eq_BG,CGM_glucose,IOB,rate,running_temp,unsafe_action_reason,LBGI,HBGI,BGI,Label,detection
0,280.0,285,280.0,-0.1,2.1,0.0,Null,0.0,146.5547109009785,293.109421801957,0.0,0
1,280.0,276,280.0,0.1,2.1,2.1,Null,0.0,146.5547109009785,293.109421801957,0.0,0
2,280.0,271,280.0,0.2,2.1,2.1,Null,0.0,146.55471090097853,293.10942180195707,0.0,0
3,280.0,265,280.0,0.349,2.1,2.1,Null,0.0,146.5547109009785,293.109421801957,0.0,0
4,280.0,261,280.0,0.446,2.1,2.1,Null,0.0,146.5547109009785,293.109421801957,0.0,0
5,279.98,258,279.97542550590936,0.541,2.1,2.1,Null,0.0,146.5499741542825,293.099948308565,0.0,0
6,279.88,253,279.8835859784983,0.634,2.1,2.1,Null,0.0,146.5314178985817,293.0628357971634,0.0,0
7,279.67,247,279.6690387240942,0.775,2.1,2.1,Null,0.0,146.48648795123282,292.97297590246563,0.0,0
8,279.27,241,279.26809495969223,0.862,2.1,2.1,Null,0.0,146.40003258342242,292.80006516684483,0.0,0
9,278.61,234,278.61266934232225,0.997,2.1,2.1,Null,0.0,146.2551027844611,292.5102055689222,0.0,0
10,277.63,229,277.6336272817378,1.079,2.1,2.1,Null,0.0,146.0336758333134,292.0673516666268,0.0,0
11,276.26,227,276.2637364685358,1.157,2.1,2.1,Null,0.0,145.71731193872373,291.43462387744745,0.0,0
12,274.44,221,274.4402858096722,1.232,2.1,2.1,Null,0.0,145.2877539400045,290.575507880009,0.0,0
13,272.11,212,272.1073990578116,1.353,2.0,2.1,Null,0.0,144.72747735855134,289.4549547171027,0.0,0
14,269.22,204,269.2180429552202,1.421,1.85,2.0,Null,0.0,144.0201950487069,288.0403900974138,0.0,0
15,265.74,196,265.73571092110603,1.485,1.75,1.85,Null,0.0,143.1513180654901,286.3026361309802,0.0,0
16,261.64,189,261.6357529136532,1.496,1.7,1.75,Null,0.0,142.1083723269222,284.2167446538444,0.0,0
17,256.91,179,256.90751886272,1.554,1.6,1.7,Null,0.0,140.8814450972721,281.7628901945442,0.0,0
18,251.56,169,251.5562318015938,1.609,0.7,1.6,Null,0.0,139.46363676620757,278.92727353241514,0.0,0
19,245.6,162,245.6032153163212,1.56,0.7,0.7,Null,0.0,137.85142256306554,275.7028451261311,0.0,0
20,239.08,155,239.08478414676136,1.509,0.7,0.7,Null,0.0,136.04488050963275,272.0897610192655,0.0,0
21,239.08,174,239.08478414676136,1.456,1.8,0.7,Null,0.0,134.40256955196656,268.80513910393313,0.0,0
22,239.08,183,239.08478414676136,1.501,1.7,1.8,Null,0.0,132.9030682427931,265.8061364855862,0.0,0
23,239.08,185,239.08478414676136,1.545,1.6,1.7,Null,0.0,131.52852537605074,263.0570507521015,0.0,0
