,bg,eq_BG,CGM_glucose,IOB,rate,running_temp,unsafe_action_reason,LBGI,HBGI,BGI,Label,detection
0,220.0,225,220.0,-0.1,2.1,0.0,Null,0.0,78.96870649548038,157.93741299096075,0.0,0
1,220.0,216,220.0,0.1,2.1,2.1,Null,0.0,78.96870649548038,157.93741299096075,0.0,0
2,220.0,220,220.0,0.0,2.1,0.0,Null,0.0,78.96870649548038,157.93741299096075,0.0,0
3,220.0,213,220.0,0.15,2.1,2.1,Null,0.0,78.96870649548038,157.93741299096075,0.0,0
4,219.98,209,219.98120165486657,0.249,2.1,2.1,Null,0.0,78.96465927926054,157.9293185585211,0.0,0
5,219.93,202,219.9322449380939,0.397,2.1,2.1,Null,0.0,78.95317832780407,157.90635665560814,0.0,0
6,219.83,199,219.82649507671036,0.493,2.1,2.1,Null,0.0,78.92871934318167,157.85743868636334,0.0,0
7,219.63,194,219.62649523401063,0.587,2.1,2.1,Null,0.0,78.88347977037765,157.7669595407553,0.0,0
8,219.29,190,219.28768506088903,0.679,2.1,2.1,Null,0.0,78.80781958952144,157.6156391790429,0.0,0
9,218.76,182,218.76154420125667,0.818,2.1,2.1,Null,0.0,78.69078285012715,157.3815657002543,0.0,0
10,218.0,177,217.99828739274167,0.905,2.1,2.1,Null,0.0,78.52061853360175,157.0412370672035,0.0,0
11,216.95,172,216.9492024878288,1.038,2.1,2.1,Null,0.0,78.28527529150531,156.57055058301063,0.0,0
12,215.57,166,215.56868989684438,1.118,2.1,2.1,Null,0.0,77.9728647917298,155.9457295834596,0.0,0
13,213.82,161,213.8160342777015,1.195,2.1,2.1,Null,0.0,77.5720932044044,155.1441864088088,0.0,0
14,211.66,155,211.65691789337043,1.268,2.1,2.1,Null,0.0,77.07266059287646,154.14532118575292,0.0,0
15,211.66,153,211.65691789337043,1.388,1.65,2.1,Null,0.0,76.63565705778952,153.27131411557903,0.0,0
16,211.66,156,211.65691789337043,1.404,1.65,1.65,Null,0.0,76.25006570330103,152.50013140660207,0.0,0
17,211.66,156,211.65691789337043,1.467,1.65,1.65,Null,0.0,75.90731783264461,151.81463566528922,0.0,0
18,211.66,154,211.65691789337043,1.526,1.65,1.65,Null,0.0,75.60064868521518,151.20129737043035,0.0,0
19,211.66,155,211.65691789337043,1.533,1.65,1.65,Null,0.0,75.32464645252868,150.64929290505737,0.0,0
