,bg,eq_BG,CGM_glucose,IOB,rate,running_temp,unsafe_action_reason,LBGI,HBGI,BGI,Label,detection
0,80.0,85,80.0,-0.1,0.0,0.0,Null,20.07676809123889,0.0,40.15353618247778,0.0,0
1,80.0,87,80.0,-0.149,0.0,0.0,Null,20.07676809123889,0.0,40.15353618247778,0.0,0
2,80.0,89,80.0,-0.198,0.0,0.0,Null,20.07676809123889,0.0,40.15353618247778,0.0,0
3,80.0,90,80.0,-0.246,0.0,0.0,Null,20.07676809123889,0.0,40.15353618247778,0.0,0
4,80.0,94,80.0,-0.343,0.0,0.0,Null,20.07676809123889,0.0,40.15353618247778,0.0,0
5,80.0,96,80.00331969170647,-0.388,0.0,0.0,Null,20.07595656518767,0.0,40.15191313037534,0.0,0
6,80.02,98,80.01545517776032,-0.433,0.0,0.0,Null,20.07283504539686,0.0,40.14567009079372,0.0,0
7,80.04,99,80.04318792419792,-0.475,0.0,0.0,Null,20.06541614064533,0.0,40.13083228129066,0.0,0
8,80.09,100,80.0939051717493,-0.516,0.0,0.0,Null,20.051407324903757,0.0,40.10281464980751,0.0,0
9,80.18,102,80.17509651613457,-0.555,0.0,0.0,Null,20.028368546653127,0.0,40.05673709330625,0.0,0
10,80.29,106,80.2939953201483,-0.643,0.35,0.0,Null,19.993844000182584,0.0,39.98768800036517,0.0,0
11,80.46,105,80.45733702542005,-0.629,0.25,0.35,Null,19.945470449601675,0.0,39.89094089920335,0.0,0
12,80.67,107,80.67120971603178,-0.663,0.45,0.25,Null,19.881064507029254,0.0,39.76212901405851,0.0,0
13,80.94,108,80.94097556659432,-0.695,0.5,0.45,Null,19.798690948823907,0.0,39.597381897647814,0.0,0
14,81.27,108,81.27069702189407,-0.677,0.5,0.5,Null,19.696764235685624,0.0,39.39352847137125,0.0,0
15,81.66,107,81.66348306662745,-0.657,0.45,0.5,Null,19.574082887542875,0.0,39.14816577508575,0.0,0
16,82.12,109,82.12129459209082,-0.685,0.6,0.45,Null,19.4298653131347,0.0,38.8597306262694,0.0,0
17,82.65,108,82.64507931556413,-0.663,0.5,0.6,Null,19.263757062574637,0.0,38.527514125149274,0.0,0
18,83.23,108,83.2349777622689,-0.641,0.5,0.5,Null,19.075812923453512,0.0,38.151625846907024,0.0,0
19,83.89,109,83.89057434502175,-0.617,0.6,0.5,row_28,18.86645927627553,0.0,37.73291855255106,0.0,100
20,83.89,109,83.89057434502175,-0.643,0.6,0.6,Null,18.677044071685927,0.0,37.354088143371854,0.0,0
21,83.89,107,83.89057434502175,-0.618,0.45,0.6,Null,18.504848431149924,0.0,37.00969686229985,0.0,0
22,83.89,106,83.89057434502175,-0.594,0.35,0.45,Null,18.347626324573575,0.0,36.69525264914715,0.0,0
23,83.89,103,83.89057434502175,-0.569,0.1,0.35,Null,18.20350606021192,0.0,36.40701212042384,0.0,0
24,83.89,107,83.89057434502175,-0.644,0.45,0.1,Null,18.0709154169992,0.0,36.1418308339984,0.0,0
