,bg,eq_BG,CGM_glucose,IOB,rate,running_temp,unsafe_action_reason,LBGI,HBGI,BGI,Label,detection
0,120.01,122,240.0,-0.05,1.25,0.0,Null,0.0,100.93578704822124,201.8715740964425,0.0,0
1,60180.0,60178,240.0,0.05,2.1,1.25,Null,0.0,100.93578704822124,201.8715740964425,0.0,0
2,30030180.0,30030178,240.0,0.05,2.1,2.1,Null,0.0,100.93578704822124,201.8715740964425,0.0,0
3,15015030180.0,15015030178,240.0,0.05,2.1,2.1,Null,0.0,100.93578704822124,201.8715740964425,0.0,0
4,7507515030180.0,7507515030178,240.0,0.05,2.1,2.1,Null,0.0,100.93578704822124,201.8715740964425,0.0,0
