,bg,eq_BG,CGM_glucose,IOB,rate,running_temp,unsafe_action_reason,LBGI,HBGI,BGI,Label,detection
0,130.01,132,260.0,-0.05,1.7,0.0,Null,0.0,123.5514866456562,247.1029732913124,0.0,0
1,65195.0,65193,260.0,0.05,2.1,1.7,Null,0.0,123.5514866456562,247.1029732913124,0.0,0
2,32532695.0,32532693,260.0,0.05,2.1,2.1,Null,0.0,123.5514866456562,247.1029732913124,0.0,0
3,16266282695.0,16266282693,260.0,0.05,2.1,2.1,Null,0.0,123.5514866456562,247.1029732913124,0.0,0
4,8133141282695.0,8133141282693,260.0,0.05,2.1,2.1,Null,0.0,123.5514866456562,247.1029732913124,0.0,0
