,bg,eq_BG,CGM_glucose,IOB,rate,running_temp,unsafe_action_reason,LBGI,HBGI,BGI,Label,detection
0,60.01,62,120.0,-0.05,0.0,0.0,Null,0.0,0.7206566170199675,1.441313234039935,0.0,0
1,30090.0,30092,120.0,-0.05,2.1,0.0,Null,0.0,0.7206566170199675,1.441313234039935,0.0,0
2,15015090.0,15015088,120.0,0.05,2.1,2.1,Null,0.0,0.7206566170199675,1.441313234039935,0.0,0
3,7507515090.0,7507515088,120.0,0.05,2.1,2.1,Null,0.0,0.7206566170199675,1.441313234039935,0.0,0
4,3753757515090.0,3753757515088,120.0,0.05,2.1,2.1,Null,0.0,0.7206566170199675,1.441313234039935,0.0,0
