,bg,eq_BG,CGM_glucose,IOB,rate,running_temp,unsafe_action_reason,LBGI,HBGI,BGI,Label,detection
0,100.01,102,200.0,-0.05,0.0,0.0,row_37,0.0,58.02374061481669,116.04748122963338,0.0,100
1,50150.0,50152,200.0,-0.05,2.1,0.0,Null,0.0,58.02374061481669,116.04748122963338,0.0,0
2,25025150.0,25025148,200.0,0.05,2.1,2.1,Null,0.0,58.02374061481669,116.04748122963338,0.0,0
3,12512525150.0,12512525148,200.0,0.05,2.1,2.1,Null,0.0,58.02374061481669,116.04748122963338,0.0,0
4,6256262525150.0,6256262525148,200.0,0.05,2.1,2.1,Null,0.0,58.02374061481669,116.04748122963338,0.0,0
