,bg,eq_BG,CGM_glucose,IOB,rate,running_temp,unsafe_action_reason,LBGI,HBGI,BGI,Label,detection
0,150.01,152,300.0,-0.05,2.1,0.0,Null,0.0,169.75993762032834,339.5198752406567,0.0,0
1,75225.0,75223,300.0,0.05,2.1,2.1,Null,0.0,169.75993762032834,339.5198752406567,0.0,0
2,37537725.0,37537723,300.0,0.05,2.1,2.1,Null,0.0,169.75993762032834,339.5198752406567,0.0,0
3,18768787725.0,18768787723,300.0,0.05,2.1,2.1,Null,0.0,169.75993762032834,339.5198752406567,0.0,0
4,9384393787725.0,9384393787723,300.0,0.05,2.1,2.1,Null,0.0,169.75993762032834,339.5198752406567,0.0,0
