,bg,eq_BG,CGM_glucose,IOB,rate,running_temp,unsafe_action_reason,LBGI,HBGI,BGI,Label,detection
0,100.0,105,100.0,-0.1,0.25,0.0,Null,2.410255627044251,0.0,4.820511254088502,0.0,0
1,100.0,104,100.0,-0.099,0.15,0.25,Null,2.410255627044251,0.0,4.820511254088502,0.0,0
2,100.0,107,100.0,-0.148,0.45,0.15,Null,2.410255627044251,0.0,4.820511254088502,0.0,0
3,100.0,108,100.0,-0.197,0.5,0.45,Null,2.410255627044251,0.0,4.820511254088502,0.0,0
4,100.0,108,100.0,-0.194,0.5,0.5,Null,2.410255627044251,0.0,4.820511254088502,0.0,0
5,100.0,108,100.00290294483942,-0.191,0.5,0.5,Null,2.4100581095079185,0.0,4.820116219015837,0.0,0
6,100.01,110,100.01298273204816,-0.238,0.7,0.5,Null,2.4093295295573105,0.0,4.818659059114621,0.0,0
7,100.04,107,100.0352257574574,-0.183,0.45,0.7,Null,2.4076504559599834,0.0,4.815300911919967,0.0,0
8,100.04,109,100.0352257574574,-0.229,0.6,0.45,Null,2.4063445098287293,0.0,4.8126890196574585,0.0,0
9,100.04,109,100.0352257574574,-0.224,0.6,0.6,Null,2.405299752923726,0.0,4.810599505847452,0.0,0
10,100.04,108,100.0352257574574,-0.218,0.5,0.6,Null,2.404444951819632,0.0,4.808889903639264,0.0,0
