,bg,eq_BG,CGM_glucose,IOB,rate,running_temp,unsafe_action_reason,LBGI,HBGI,BGI,Label,detection
0,180.0,185,180.0,-0.1,2.1,0.0,Null,0.0,38.64655755271278,77.29311510542556,0.0,0
1,180.0,176,180.0,0.1,2.1,2.1,Null,0.0,38.64655755271278,77.29311510542556,0.0,0
2,180.0,171,180.0,0.2,2.1,2.1,Null,0.0,38.64655755271278,77.29311510542556,0.0,0
3,180.0,180,180.0,0.0,2.1,0.0,Null,0.0,38.64655755271278,77.29311510542556,0.0,0
4,179.99,173,179.9850524208381,0.15,2.1,2.1,Null,0.0,38.643814770500185,77.28762954100037,0.0,0
5,179.93,169,179.92938300414912,0.249,2.1,2.1,Null,0.0,38.63347569959561,77.26695139919121,0.0,0
6,179.82,164,179.81710819870602,0.347,2.1,2.1,Null,0.0,38.611386418296426,77.22277283659285,0.0,0
7,89.81,72,179.62291230771405,0.393,0.0,2.1,row_37,0.0,38.572587412939725,77.14517482587945,0.0,100
