,bg,eq_BG,CGM_glucose,IOB,rate,running_temp,unsafe_action_reason,LBGI,HBGI,BGI,Label,detection
0,160,165,160.0,-0.1,2.1,0.0,Null,0.0,21.656145843721255,43.31229168744251,0.0,0
1,160,156,160.0,0.1,1.7,2.1,Null,0.0,21.656145843721255,43.31229168744251,0.0,0
2,160,153,160.0,0.15,1.7,1.7,Null,0.0,21.656145843721255,43.31229168744251,0.0,0
3,160,160,160.0,0.0,2.1,0.0,Null,0.0,21.656145843721255,43.31229168744251,0.0,0
4,160,153,160.0,0.15,1.6,2.1,Null,0.0,21.656145843721255,43.31229168744251,0.0,0
5,160,151,160.0,0.199,1.6,1.6,Null,0.0,21.656145843721255,43.31229168744251,0.0,0
6,160,148,160.0,0.297,1.6,1.6,Null,0.0,21.656145843721255,43.31229168744251,0.0,0
