,bg,eq_BG,CGM_glucose,IOB,rate,running_temp,unsafe_action_reason,LBGI,HBGI,BGI,Label,detection
0,320.0,325,320.0,-0.1,2.1,0.0,Null,0.0,193.03371819624064,386.0674363924813,0.0,0
1,320.0,316,320.0,0.1,2.1,2.1,Null,0.0,193.03371819624064,386.0674363924813,0.0,0
2,320.0,311,320.0,0.2,2.1,2.1,Null,0.0,193.03371819624064,386.0674363924813,0.0,0
3,320.0,320,320.0,0.0,2.1,0.0,Null,0.0,193.03371819624064,386.0674363924813,0.0,0
4,319.99,313,319.98880106037336,0.15,2.1,2.1,Null,0.0,193.0311118306185,386.062223661237,0.0,0
5,319.95,309,319.94716716437296,0.249,2.1,2.1,Null,0.0,193.02129957968137,386.04259915936274,0.0,0
6,319.86,302,319.86340771764475,0.397,2.1,2.1,Null,0.0,193.00036674258672,386.00073348517344,0.0,0
7,319.72,298,319.71880404819,0.493,2.1,2.1,Null,0.0,192.96363303827505,385.9272660765501,0.0,0
8,319.49,293,319.48998343519025,0.587,2.1,2.1,Null,0.0,192.90547599906247,385.81095199812495,0.0,0
9,319.15,290,319.1508599769965,0.679,2.1,2.1,Null,0.0,192.81948605924913,385.63897211849826,0.0,0
10,318.67,282,318.67421724866745,0.818,2.1,2.1,Null,0.0,192.69870435134962,385.39740870269924,0.0,0
11,318.03,277,318.0329938312726,0.904,2.1,2.1,Null,0.0,192.53586617858727,385.07173235717454,0.0,0
12,158.6,116,317.2013202192344,0.938,0.7,2.1,Null,0.0,192.32362493958445,384.6472498791689,0.0,0
