,bg,eq_BG,CGM_glucose,IOB,rate,running_temp,unsafe_action_reason,LBGI,HBGI,BGI,Label,detection
0,120.0,125,120.0,-0.1,1.35,0.0,Null,0.0,0.7206566170199675,1.441313234039935,0.0,0
1,120.0,118,120.0,0.05,0.7,1.35,Null,0.0,0.7206566170199675,1.441313234039935,0.0,0
2,120.0,120,120.0,0.0,1.15,0.0,Null,0.0,0.7206566170199675,1.441313234039935,0.0,0
3,120.0,118,120.0,0.05,0.75,1.15,Null,0.0,0.7206566170199675,1.441313234039935,0.0,0
4,120.0,116,120.0014415757729,0.099,0.95,0.75,Null,0.0,0.7207104379233953,1.4414208758467906,0.0,0
5,120.01,116,120.00837618146184,0.099,0.95,0.95,Null,0.0,0.7209621797329864,1.4419243594659727,0.0,0
6,120.02,113,120.0239169888618,0.148,0.95,0.95,Null,0.0,0.7215572081621171,1.4431144163242342,0.0,0
7,120.05,114,120.05131670746417,0.146,0.8,0.95,Null,0.0,0.7226456910465948,1.4452913820931896,0.0,0
8,120.09,115,120.09333929294043,0.144,0.8,0.8,Null,0.0,0.7243714661191158,1.4487429322382317,0.0,0
9,120.15,115,120.15228536098275,0.142,0.8,0.8,Null,0.0,0.7268687266127549,1.4537374532255098,0.0,0
10,120.15,115,120.15228536098275,0.139,0.9,0.8,Null,0.0,0.7289119397439142,1.4578238794878284,0.0,0
11,120.15,113,120.15228536098275,0.186,0.9,0.9,Null,0.0,0.7306146173532135,1.461229234706427,0.0,0
12,120.15,113,120.15228536098275,0.182,0.9,0.9,Null,0.0,0.7320553445610822,1.4641106891221645,0.0,0
13,120.15,111,120.15228536098275,0.227,0.75,0.9,Null,0.0,0.7332902535963982,1.4665805071927964,0.0,0
14,120.15,111,120.15228536098275,0.222,0.75,0.75,Null,0.0,0.7343605080936721,1.4687210161873443,0.0,0
