,bg,eq_BG,CGM_glucose,IOB,rate,running_temp,unsafe_action_reason,LBGI,HBGI,BGI,Label,detection
0,100,105,100.0,-0.1,0.25,0.0,Null,2.410255627044251,0.0,4.820511254088502,0.0,0
1,100,104,100.0,-0.099,0.15,0.25,Null,2.410255627044251,0.0,4.820511254088502,0.0,0
2,100,107,100.0,-0.148,0.45,0.15,Null,2.410255627044251,0.0,4.820511254088502,0.0,0
3,100,108,100.0,-0.197,0.5,0.45,Null,2.410255627044251,0.0,4.820511254088502,0.0,0
4,100,108,100.0,-0.194,0.5,0.5,Null,2.410255627044251,0.0,4.820511254088502,0.0,0
5,100,108,100.0,-0.191,0.5,0.5,Null,2.410255627044251,0.0,4.820511254088502,0.0,0
6,100,110,100.0,-0.238,0.7,0.5,Null,2.410255627044251,0.0,4.820511254088502,0.0,0
7,100,107,100.0,-0.183,0.45,0.7,Null,2.410255627044251,0.0,4.820511254088502,0.0,0
8,100,109,100.0,-0.229,0.6,0.45,Null,2.4102556270442506,0.0,4.820511254088501,0.0,0
