,bg,eq_BG,CGM_glucose,IOB,rate,running_temp,unsafe_action_reason,LBGI,HBGI,BGI,Label,detection
0,220.0,225,220.0,-0.1,2.1,0.0,Null,0.0,78.96870649548038,157.93741299096075,0.0,0
1,220.0,216,220.0,0.1,2.1,2.1,Null,0.0,78.96870649548038,157.93741299096075,0.0,0
2,220.0,211,220.0,0.2,2.1,2.1,Null,0.0,78.96870649548038,157.93741299096075,0.0,0
3,220.0,205,220.0,0.349,2.1,2.1,Null,0.0,78.96870649548038,157.93741299096075,0.0,0
4,220.0,201,220.0,0.446,2.1,2.1,Null,0.0,78.96870649548038,157.93741299096075,0.0,0
5,219.99,198,219.99349635020727,0.541,2.1,2.1,Null,0.0,78.96753963497248,157.93507926994496,0.0,0
6,219.97,193,219.96937926622596,0.634,2.1,2.1,Null,0.0,78.96299744163527,157.92599488327053,0.0,0
7,219.91,188,219.9134752715904,0.775,2.1,2.1,Null,0.0,78.95206920758304,157.90413841516607,0.0,0
8,219.81,184,219.8097959008743,0.862,2.1,2.1,Null,0.0,78.93117222299328,157.86234444598657,0.0,0
9,219.64,220,219.64154468059095,0.0,2.1,0.0,Null,0.0,78.8963539645331,157.7927079290662,0.0,0
10,219.64,213,219.64154468059095,0.15,2.1,2.1,Null,0.0,78.86786629852023,157.73573259704045,0.0,0
11,219.64,208,219.64154468059095,0.249,2.1,2.1,Null,0.0,78.84412657684283,157.68825315368565,0.0,0
12,219.64,203,219.64154468059095,0.397,2.1,2.1,Null,0.0,78.82403912003889,157.64807824007778,0.0,0
13,64.64,-189,219.64154468059095,0.493,0.0,2.1,row_37,0.0,78.80682129992121,157.61364259984242,0.0,100
14,64.64,-159,219.64154468059095,0.338,0.0,0.0,row_37,0.0,78.79189918915256,157.58379837830512,0.0,100
15,64.64,-137,219.64154468059095,0.282,0.0,0.0,row_37,0.0,78.77884234222999,157.55768468445999,0.0,100
16,64.64,57,219.64154468059095,0.224,0.0,0.0,row_37,0.0,78.76732159494537,157.53464318989074,0.0,100
