,bg,eq_BG,CGM_glucose,IOB,rate,running_temp,unsafe_action_reason,LBGI,HBGI,BGI,Label,detection
0,240.0,245,240.0,-0.1,2.1,0.0,Null,0.0,100.93578704822124,201.8715740964425,0.0,0
1,240.0,236,240.0,0.1,2.1,2.1,Null,0.0,100.93578704822124,201.8715740964425,0.0,0
2,240.0,231,240.0,0.2,2.1,2.1,Null,0.0,100.93578704822124,201.8715740964425,0.0,0
3,240.0,225,240.0,0.349,2.1,2.1,Null,0.0,100.93578704822124,201.8715740964425,0.0,0
4,240.0,221,240.0,0.446,2.1,2.1,Null,0.0,100.93578704822124,201.8715740964425,0.0,0
5,239.99,218,239.9925572922405,0.541,2.1,2.1,Null,0.0,100.9344013007709,201.8688026015418,0.0,0
6,239.96,213,239.96493925003085,0.634,2.1,2.1,Null,0.0,100.92900402175084,201.85800804350168,0.0,0
7,239.9,208,239.90087601068277,0.775,2.1,2.1,Null,0.0,100.91601099017237,201.83202198034473,0.0,0
8,239.78,204,239.781982356891,0.862,2.1,2.1,Null,0.0,100.89115081283956,201.7823016256791,0.0,0
9,239.3,239,239.3022615424896,0.0,2.1,0.0,Null,0.0,100.81770658042632,201.63541316085264,0.0,0
10,238.9,232,238.90335508292893,0.15,2.1,2.1,Null,0.0,100.71715630245068,201.43431260490135,0.0,0
11,238.37,227,238.3747854900181,0.249,2.1,2.1,Null,0.0,100.58425475142164,201.16850950284328,0.0,0
12,237.71,221,237.71057399348155,0.397,2.1,2.1,Null,0.0,100.414885171364,200.829770342728,0.0,0
13,81.9,-175,236.90391247058628,0.493,0.0,2.1,row_37,0.0,100.20559947841306,200.41119895682613,0.0,100
14,40.47,-187,235.94791446172223,0.338,0.0,0.0,row_37,0.0,99.95339996200825,199.9067999240165,0.0,100
