,bg,eq_BG,CGM_glucose,IOB,rate,running_temp,unsafe_action_reason,LBGI,HBGI,BGI,Label,detection
0,80.0,85,80.0,-0.1,0.0,0.0,Null,20.07676809123889,0.0,40.15353618247778,0.0,0
1,80.0,87,80.0,-0.149,0.0,0.0,Null,20.07676809123889,0.0,40.15353618247778,0.0,0
2,80.0,89,80.0,-0.198,0.0,0.0,Null,20.07676809123889,0.0,40.15353618247778,0.0,0
3,80.0,90,80.0,-0.246,0.0,0.0,Null,20.07676809123889,0.0,40.15353618247778,0.0,0
4,80.0,94,80.0,-0.343,0.0,0.0,Null,20.07676809123889,0.0,40.15353618247778,0.0,0
5,80.0,96,80.00238086624466,-0.388,0.0,0.0,Null,20.076186055493913,0.0,40.15237211098783,0.0,0
6,80.01,97,80.0111414902705,-0.433,0.0,0.0,Null,20.07393510949678,0.0,40.14787021899356,0.0,0
7,80.01,99,80.0111414902705,-0.475,0.0,0.0,Null,20.07224689999893,0.0,40.14449379999786,0.0,0
8,80.01,100,80.0111414902705,-0.516,0.0,0.0,Null,20.07093384816727,0.0,40.14186769633454,0.0,0
9,80.01,102,80.0111414902705,-0.555,0.0,0.0,Null,20.069883406701944,0.0,40.13976681340389,0.0,0
10,80.01,105,80.0111414902705,-0.643,0.25,0.0,Null,20.06902395459395,0.0,40.1380479091879,0.0,0
11,80.01,104,80.0111414902705,-0.629,0.15,0.25,Null,20.068307744503954,0.0,40.13661548900791,0.0,0
