,bg,eq_BG,CGM_glucose,IOB,rate,running_temp,unsafe_action_reason,LBGI,HBGI,BGI,Label,detection
0,200.0,205,200.0,-0.1,2.1,0.0,Null,0.0,58.02374061481669,116.04748122963338,0.0,0
1,200.0,196,200.0,0.1,2.1,2.1,Null,0.0,58.02374061481669,116.04748122963338,0.0,0
2,200.0,200,200.0,0.0,2.1,0.0,Null,0.0,58.02374061481669,116.04748122963338,0.0,0
3,200.0,193,200.0,0.15,2.1,2.1,Null,0.0,58.02374061481669,116.04748122963338,0.0,0
4,199.98,189,199.9831270378523,0.249,2.1,2.1,Null,0.0,58.02032049492341,116.04064098984682,0.0,0
5,199.94,183,199.93947825393516,0.397,2.1,2.1,Null,0.0,58.01066832278672,116.02133664557344,0.0,0
6,199.85,179,199.84540224670206,0.493,2.1,2.1,Null,0.0,57.990158324689325,115.98031664937865,0.0,0
7,199.67,174,199.66754595280398,0.587,2.1,2.1,Null,0.0,57.95226410548921,115.90452821097843,0.0,0
8,199.37,170,199.36622603546195,0.679,2.1,2.1,Null,0.0,57.88892089101721,115.77784178203441,0.0,0
9,198.9,162,198.89826965447133,0.818,2.05,2.1,Null,0.0,57.79097622673202,115.58195245346404,0.0,0
10,198.22,157,198.219440038598,0.905,1.8,2.05,Null,0.0,57.64864237177186,115.29728474354371,0.0,0
11,197.29,153,197.28653039928295,0.989,1.8,1.8,Null,0.0,57.451928501592036,114.90385700318407,0.0,0
12,196.06,150,196.05918023014988,1.069,1.8,1.8,Null,0.0,57.19104782519665,114.3820956503933,0.0,0
13,194.5,146,194.50189267685124,1.096,1.7,1.8,Null,0.0,56.85683038433624,113.71366076867248,0.0,0
14,192.59,140,192.58745315651197,1.171,1.15,1.7,Null,0.0,56.44123151483942,112.88246302967885,0.0,0
15,192.59,143,192.58745315651197,1.192,1.95,1.15,Null,0.0,56.07758250402971,112.15516500805941,0.0,0
16,192.59,142,192.58745315651197,1.31,1.2,1.95,Null,0.0,55.756715729785846,111.51343145957169,0.0,0
17,192.59,145,192.58745315651197,1.275,1.9,1.2,Null,0.0,55.47150081934685,110.9430016386937,0.0,0
18,192.59,140,192.58745315651197,1.388,1.25,1.9,Null,0.0,55.216308531059326,110.43261706211865,0.0,0
19,192.59,141,192.58745315651197,1.397,1.7,1.25,Null,0.0,54.98663547160056,109.97327094320111,0.0,0
