,bg,eq_BG,CGM_glucose,IOB,rate,running_temp,unsafe_action_reason,LBGI,HBGI,BGI,Label,detection
0,220.0,225,220.0,-0.1,2.1,0.0,Null,0.0,78.96870649548038,157.93741299096075,0.0,0
1,220.0,216,220.0,0.1,2.1,2.1,Null,0.0,78.96870649548038,157.93741299096075,0.0,0
2,220.0,211,220.0,0.2,2.1,2.1,Null,0.0,78.96870649548038,157.93741299096075,0.0,0
3,220.0,220,220.0,0.0,2.1,0.0,Null,0.0,78.96870649548038,157.93741299096075,0.0,0
4,219.98,213,219.98120165486657,0.15,2.1,2.1,Null,0.0,78.96465927926054,157.9293185585211,0.0,0
5,219.91,209,219.91106753898018,0.249,2.1,2.1,Null,0.0,78.9493794267406,157.8987588534812,0.0,0
6,219.77,202,219.76867788545556,0.397,2.1,2.1,Null,0.0,78.91657586007204,157.8331517201441,0.0,0
7,219.52,197,219.52129972319835,0.493,2.1,2.1,Null,0.0,78.85871296484837,157.71742592969673,0.0,0
8,219.13,193,219.12827817535288,0.587,2.1,2.1,Null,0.0,78.76677338137317,157.53354676274634,0.0,0
9,218.54,188,218.54432429953863,0.679,2.1,2.1,Null,0.0,78.63053226540603,157.26106453081206,0.0,0
10,217.72,182,217.7223258082763,0.818,2.1,2.1,Null,0.0,78.4389770374929,156.8779540749858,0.0,0
11,216.62,177,216.61577473821393,0.905,2.1,2.1,Null,0.0,78.18075927635597,156.36151855271194,0.0,0
12,215.18,168,215.18087467498003,1.038,2.1,2.1,Null,0.0,77.84464011072279,155.68928022144559,0.0,0
13,213.38,163,213.37836285659304,1.118,2.05,2.1,Null,0.0,77.41991476067973,154.83982952135946,0.0,0
14,211.18,156,211.17506093203733,1.195,1.15,2.05,Null,0.0,76.89680988240139,153.79361976480277,0.0,0
15,208.55,153,208.5451528694445,1.168,1.65,1.15,Null,0.0,76.26684972804071,152.53369945608142,0.0,0
16,205.47,146,205.4711794159439,1.239,0.7,1.65,Null,0.0,75.52318755025927,151.04637510051853,0.0,0
17,201.95,142,201.94520612488077,1.206,0.7,0.7,Null,0.0,74.66092524538094,149.32185049076188,0.0,0
18,197.98,137,197.97737513168454,1.172,0.7,0.7,Null,0.0,73.67781234938616,147.35562469877232,0.0,0
19,193.59,133,193.58822294499453,1.134,0.7,0.7,Null,0.0,72.57434062558217,145.14868125116433,0.0,0
20,94.41,35,188.8158069956443,1.046,0.0,0.7,row_37,0.0,71.35413716049455,142.7082743209891,0.0,100
