,bg,eq_BG,CGM_glucose,IOB,rate,running_temp,unsafe_action_reason,LBGI,HBGI,BGI,Label,detection
0,200.0,205,200.0,-0.1,2.1,0.0,Null,0.0,58.02374061481669,116.04748122963338,0.0,0
1,200.0,196,200.0,0.1,2.1,2.1,Null,0.0,58.02374061481669,116.04748122963338,0.0,0
2,200.0,191,200.0,0.2,2.1,2.1,Null,0.0,58.02374061481669,116.04748122963338,0.0,0
3,200.0,185,200.0,0.349,2.1,2.1,Null,0.0,58.02374061481669,116.04748122963338,0.0,0
4,200.0,181,200.0,0.446,2.1,2.1,Null,0.0,58.02374061481669,116.04748122963338,0.0,0
5,199.98,178,199.9831270378523,0.541,2.1,2.1,Null,0.0,58.020890514905616,116.04178102981123,0.0,0
6,199.92,173,199.92022605208595,0.634,2.1,2.1,Null,0.0,58.009749029804865,116.01949805960973,0.0,0
7,199.77,167,199.77365151234028,0.775,2.1,2.1,Null,0.0,57.982834173254034,115.96566834650807,0.0,0
8,199.5,163,199.50042865893252,0.862,2.1,2.1,Null,0.0,57.93117449572284,115.86234899144569,0.0,0
9,199.05,156,199.05492684602686,0.997,2.1,2.1,Null,0.0,57.84481942088902,115.68963884177803,0.0,0
10,198.39,151,198.39115410606686,1.079,2.1,2.1,Null,0.0,57.71330813185986,115.42661626371972,0.0,0
11,197.46,146,197.4647488220728,1.156,2.1,2.1,Null,0.0,57.526102977928495,115.05220595585699,0.0,0
12,196.23,141,196.23471497422767,1.231,2.1,2.1,Null,0.0,57.27299243264993,114.54598486529986,0.0,0
13,194.66,134,194.66492348663826,1.353,0.75,2.1,Null,0.0,56.944466182968924,113.88893236593785,0.0,0
14,194.66,141,194.66492348663826,1.321,2.05,0.75,Null,0.0,56.65974343324538,113.31948686649076,0.0,0
15,194.66,141,194.66492348663826,1.386,1.2,2.05,Null,0.0,56.41061102723729,112.82122205447457,0.0,0
16,194.66,145,194.66492348663826,1.348,1.9,1.2,Null,0.0,56.19078831605368,112.38157663210735,0.0,0
17,194.66,140,194.66492348663826,1.456,1.25,1.9,Null,0.0,55.99539035055713,111.99078070111426,0.0,0
18,194.66,141,194.66492348663826,1.463,1.7,1.25,Null,0.0,55.82056059195496,111.64112118390992,0.0,0
19,194.66,142,194.66492348663826,1.468,1.35,1.7,Null,0.0,55.663213809213005,111.32642761842601,0.0,0
20,194.66,139,194.66492348663826,1.52,1.35,1.35,Null,0.0,55.520852434351234,111.04170486870247,0.0,0
21,194.66,140,194.66492348663826,1.519,1.65,1.35,Null,0.0,55.391433002658715,110.78286600531743,0.0,0
22,194.66,140,194.66492348663826,1.517,1.35,1.65,row_8,0.0,55.27326743459164,110.54653486918328,0.0,100
23,194.66,139,194.66492348663826,1.562,1.35,1.35,Null,0.0,55.16494899719682,110.32989799439363,0.0,0
