,bg,eq_BG,CGM_glucose,IOB,rate,running_temp,unsafe_action_reason,LBGI,HBGI,BGI,Label,detection
0,100.0,105,100.0,-0.1,0.25,0.0,Null,2.410255627044251,0.0,4.820511254088502,0.0,0
1,100.0,104,100.0,-0.099,0.15,0.25,Null,2.410255627044251,0.0,4.820511254088502,0.0,0
2,100.0,100,100.0,0.0,0.0,0.15,Null,2.410255627044251,0.0,4.820511254088502,0.0,0
3,100.0,105,100.0,-0.1,0.25,0.0,Null,2.410255627044251,0.0,4.820511254088502,0.0,0
4,100.0,104,100.00169322922856,-0.099,0.15,0.25,Null,2.410117369541206,0.0,4.820234739082412,0.0,0
5,100.01,107,100.00795106067045,-0.148,0.45,0.15,Null,2.4095995481556387,0.0,4.819199096311277,0.0,0
6,100.02,109,100.02309826760221,-0.197,0.6,0.45,Null,2.408347460311531,0.0,4.816694920623062,0.0,0
7,100.05,108,100.05123216046904,-0.194,0.5,0.6,Null,2.405977557517006,0.0,4.811955115034012,0.0,0
8,100.1,108,100.09660913426352,-0.192,0.5,0.5,Null,2.4020900731006884,0.0,4.804180146201377,0.0,0
9,100.16,108,100.16208308056585,-0.188,0.5,0.5,Null,2.3963394156588076,0.0,4.792678831317615,0.0,0
10,100.25,110,100.24869477247485,-0.234,0.7,0.5,Null,2.3884817012995123,0.0,4.776963402599025,0.0,0
11,100.36,107,100.35657000206503,-0.18,0.45,0.7,Null,2.3783677002319674,0.0,4.756735400463935,0.0,0
12,100.49,110,100.4851386798572,-0.225,0.7,0.45,Null,2.365931330996992,0.0,4.731862661993984,0.0,0
13,100.63,107,100.63331335300641,-0.17,0.45,0.7,Null,2.351176793831003,0.0,4.702353587662006,0.0,0
14,100.63,109,100.63331335300641,-0.214,0.6,0.45,Null,2.3383895282871454,0.0,4.676779056574291,0.0,0
15,100.63,109,100.63331335300641,-0.208,0.6,0.6,Null,2.3272006709362705,0.0,4.654401341872541,0.0,0
16,100.63,109,100.63331335300641,-0.202,0.6,0.6,Null,2.317328149744322,0.0,4.634656299488644,0.0,0
17,100.63,108,100.63331335300641,-0.196,0.5,0.6,Null,2.308552575351479,0.0,4.617105150702958,0.0,0
18,100.63,109,100.63331335300641,-0.239,0.6,0.5,Null,2.300700745631567,0.0,4.601401491263134,0.0,0
19,100.63,109,100.63331335300641,-0.232,0.6,0.6,Null,2.293634098883646,0.0,4.587268197767292,0.0,0
