,bg,eq_BG,CGM_glucose,IOB,rate,running_temp,unsafe_action_reason,LBGI,HBGI,BGI,Label,detection
0,120.0,125,120.0,-0.1,1.35,0.0,Null,0.0,0.7206566170199675,1.441313234039935,0.0,0
1,120.0,118,120.0,0.05,0.7,1.35,Null,0.0,0.7206566170199675,1.441313234039935,0.0,0
2,120.0,120,120.0,0.001,1.15,0.7,Null,0.0,0.7206566170199675,1.441313234039935,0.0,0
3,120.0,120,120.0,0.0,1.05,0.0,Null,0.0,0.7206566170199675,1.441313234039935,0.0,0
4,120.0,118,119.99853010027317,0.05,0.7,1.05,Null,0.0,0.7206017483392386,1.4412034966784772,0.0,0
5,119.99,118,119.99060642510761,0.05,0.95,0.7,row_33,0.0,0.7203188293829633,1.4406376587659266,0.0,100
6,119.98,116,119.9751330990325,0.099,0.7,0.95,Null,0.0,0.7197050002285923,1.4394100004571846,0.0,0
7,119.95,118,119.94813702686466,0.048,0.95,0.7,Null,0.0,0.7186176839573445,1.437235367914689,0.0,0
8,119.91,116,119.90558222938171,0.097,0.7,0.95,Null,0.0,0.7168972573602366,1.4337945147204731,0.0,0
9,119.84,118,119.84214824812355,0.046,0.95,0.7,Null,0.0,0.7143550210557641,1.4287100421115282,0.0,0
10,119.75,115,119.75312832495497,0.095,0.7,0.95,Null,0.0,0.7108016228241819,1.4216032456483638,0.0,0
11,119.63,118,119.63306998504243,0.044,0.95,0.7,Null,0.0,0.7060427781956808,1.4120855563913617,0.0,0
12,119.48,115,119.47755736411195,0.092,0.75,0.95,Null,0.0,0.6999043145474172,1.3998086290948344,0.0,0
13,119.28,117,119.28175814544275,0.041,0.9,0.75,Null,0.0,0.6922302632481049,1.3844605264962098,0.0,0
14,119.04,115,119.04212413503217,0.09,0.7,0.9,Null,0.0,0.6829038731264875,1.365807746252975,0.0,0
15,118.75,116,118.7548747665696,0.038,0.9,0.7,Null,0.0,0.6718463121971616,1.3436926243943232,0.0,0
16,118.42,114,118.41736551595424,0.087,0.7,0.9,Null,0.0,0.6590309930424337,1.3180619860848675,0.0,0
17,118.03,115,118.02715599240487,0.035,0.7,0.7,Null,0.0,0.6444857924199859,1.2889715848399719,0.0,0
18,117.58,115,117.58323446062775,0.034,0.7,0.7,Null,0.0,0.6283046150623939,1.2566092301247878,0.0,0
19,58.54,57,117.08470491068428,-0.018,0.0,0.7,Null,0.0,0.6106456219858066,1.2212912439716133,0.0,0
