,bg,eq_BG,CGM_glucose,IOB,rate,running_temp,unsafe_action_reason,LBGI,HBGI,BGI,Label,detection
0,320.0,325,320.0,-0.1,2.1,0.0,Null,0.0,193.03371819624064,386.0674363924813,0.0,0
1,320.0,316,320.0,0.1,2.1,2.1,Null,0.0,193.03371819624064,386.0674363924813,0.0,0
2,320.0,311,320.0,0.2,2.1,2.1,Null,0.0,193.03371819624064,386.0674363924813,0.0,0
3,320.0,305,320.0,0.349,2.1,2.1,Null,0.0,193.03371819624064,386.0674363924813,0.0,0
4,319.97,320,319.9715747399378,0.0,2.1,0.0,Null,0.0,193.02710268935175,386.0542053787035,0.0,0
5,319.87,313,319.8652618021538,0.15,2.1,2.1,Null,0.0,193.00207345341875,386.0041469068375,0.0,0
6,319.62,308,319.6167077541378,0.249,2.1,2.1,Null,0.0,192.94287561985269,385.88575123970537,0.0,0
7,319.18,302,319.1826124090578,0.397,2.1,2.1,Null,0.0,192.83533213235526,385.6706642647105,0.0,0
8,318.51,295,318.5062170223564,0.493,2.1,2.1,Null,0.0,192.66422576864068,385.32845153728135,0.0,0
9,317.52,290,317.52238313864206,0.587,2.1,2.1,Null,0.0,192.412842477102,384.825684954204,0.0,0
10,316.16,284,316.161978799001,0.679,2.1,2.1,Null,0.0,192.06322785489914,384.1264557097983,0.0,0
11,314.36,275,314.35570762669744,0.818,2.1,2.1,Null,0.0,191.5966879869254,383.1933759738508,0.0,0
12,312.04,267,312.0374721502636,0.904,2.1,2.1,Null,0.0,190.9943636781781,381.9887273563562,0.0,0
13,309.15,257,309.14732236851205,1.037,2.1,2.1,Null,0.0,190.23781050726345,380.4756210145269,0.0,0
14,305.63,248,305.63400735531934,1.117,2.1,2.1,Null,0.0,189.30955620021126,378.6191124004225,0.0,0
15,301.46,239,301.4571231666148,1.194,2.1,2.1,Null,0.0,188.19362226213588,376.38724452427175,0.0,0
16,296.59,228,296.588834880861,1.267,2.1,2.1,Null,0.0,186.8760029382761,373.7520058765522,0.0,0
17,145.51,73,291.0151440101052,1.287,0.0,2.1,row_37,0.0,185.34509691914633,370.69019383829266,0.0,100
