,bg,eq_BG,CGM_glucose,IOB,rate,running_temp,unsafe_action_reason,LBGI,HBGI,BGI,Label,detection
0,260.0,265,260.0,-0.1,2.1,0.0,Null,0.0,123.5514866456562,247.1029732913124,0.0,0
1,260.0,256,260.0,0.1,2.1,2.1,Null,0.0,123.5514866456562,247.1029732913124,0.0,0
2,260.0,251,260.0,0.2,2.1,2.1,Null,0.0,123.5514866456562,247.1029732913124,0.0,0
3,260.0,260,260.0,0.0,2.1,0.0,Null,0.0,123.5514866456562,247.1029732913124,0.0,0
4,259.98,253,259.9773508888951,0.15,2.1,2.1,Null,0.0,123.54631234135385,247.0926246827077,0.0,0
5,259.89,249,259.8927472706031,0.249,2.1,2.1,Null,0.0,123.52675675557379,247.05351351114757,0.0,0
6,259.72,244,259.72021912592544,0.347,2.1,2.1,Null,0.0,123.48463925338297,246.96927850676593,0.0,0
7,129.71,112,259.4195890717762,0.393,0.7,2.1,Null,0.0,123.41014094066267,246.82028188132534,0.0,0
