,bg,eq_BG,CGM_glucose,IOB,rate,running_temp,unsafe_action_reason,LBGI,HBGI,BGI,Label,detection
0,240,245,240.0,-0.1,2.1,0.0,Null,0.0,100.93578704822124,201.8715740964425,0.0,0
1,240,236,240.0,0.1,2.1,2.1,Null,0.0,100.93578704822124,201.8715740964425,0.0,0
2,240,231,240.0,0.2,2.1,2.1,Null,0.0,100.93578704822124,201.8715740964425,0.0,0
3,240,225,240.0,0.349,2.1,2.1,Null,0.0,100.93578704822124,201.8715740964425,0.0,0
4,240,240,240.0,0.0,2.1,2.1,Null,0.0,100.93578704822124,201.8715740964425,0.0,0
5,240,240,240.0,0.0,2.1,2.1,Null,0.0,100.93578704822123,201.87157409644246,0.0,0
6,240,240,240.0,0.0,2.1,2.1,Null,0.0,100.93578704822123,201.87157409644246,0.0,0
7,240,233,240.0,0.15,2.1,2.1,Null,0.0,100.93578704822123,201.87157409644246,0.0,0
