,bg,eq_BG,CGM_glucose,IOB,rate,running_temp,unsafe_action_reason,LBGI,HBGI,BGI,Label,detection
0,220.0,225,220.0,-0.1,2.1,0.0,Null,0.0,78.96870649548038,157.93741299096075,0.0,0
1,220.0,216,220.0,0.1,2.1,2.1,Null,0.0,78.96870649548038,157.93741299096075,0.0,0
2,220.0,211,220.0,0.2,2.1,2.1,Null,0.0,78.96870649548038,157.93741299096075,0.0,0
3,220.0,205,220.0,0.349,2.1,2.1,Null,0.0,78.96870649548038,157.93741299096075,0.0,0
4,220.0,201,220.0,0.446,2.1,2.1,Null,0.0,78.96870649548038,157.93741299096075,0.0,0
5,219.99,198,219.99349635020727,0.541,2.1,2.1,Null,0.0,78.96753963497248,157.93507926994496,0.0,0
6,219.97,193,219.96937926622596,0.634,2.1,2.1,Null,0.0,78.96299744163527,157.92599488327053,0.0,0
7,219.91,188,219.9134752715904,0.775,2.1,2.1,Null,0.0,78.95206920758304,157.90413841516607,0.0,0
8,219.81,184,219.8097959008743,0.862,2.1,2.1,Null,0.0,78.93117222299328,157.86234444598657,0.0,0
9,219.64,178,219.64154468059098,0.997,2.1,2.1,Null,0.0,78.89635396453312,157.79270792906624,0.0,0
10,219.39,175,219.39192503261424,1.078,2.1,2.1,Null,0.0,78.84346527268144,157.68693054536288,0.0,0
11,219.04,171,219.0447832808468,1.156,2.1,2.1,Null,0.0,78.76830717914774,157.53661435829548,0.0,0
12,218.59,168,218.58511379146356,1.231,2.1,2.1,Null,0.0,78.66675450742731,157.33350901485463,0.0,0
13,218.0,162,217.99944752315287,1.353,2.0,2.1,Null,0.0,78.53485906220006,157.0697181244001,0.0,0
14,218.0,162,217.99944752315287,1.421,1.85,2.0,Null,0.0,78.42054967633642,156.84109935267284,0.0,0
15,218.0,161,217.99944752315287,1.485,1.75,1.85,Null,0.0,78.32052896370575,156.6410579274115,0.0,0
16,218.0,162,217.99944752315287,1.495,1.7,1.75,Null,0.0,78.23227539373751,156.46455078747502,0.0,0
17,218.0,160,217.99944752315287,1.553,1.6,1.7,Null,0.0,78.15382777598796,156.30765555197593,0.0,0
18,218.0,159,217.99944752315287,1.607,1.5,1.6,Null,0.0,78.08363780221205,156.1672756044241,0.0,0
