,bg,eq_BG,CGM_glucose,IOB,rate,running_temp,unsafe_action_reason,LBGI,HBGI,BGI,Label,detection
0,300.0,305,300.0,-0.1,2.1,0.0,Null,0.0,169.75993762032834,339.5198752406567,0.0,0
1,300.0,296,300.0,0.1,2.1,2.1,Null,0.0,169.75993762032834,339.5198752406567,0.0,0
2,300.0,291,300.0,0.2,2.1,2.1,Null,0.0,169.75993762032834,339.5198752406567,0.0,0
3,300.0,285,300.0,0.349,2.1,2.1,Null,0.0,169.75993762032834,339.5198752406567,0.0,0
4,300.0,281,300.0,0.446,2.1,2.1,Null,0.0,169.75993762032834,339.5198752406567,0.0,0
5,299.97,277,299.9735001229236,0.541,2.1,2.1,Null,0.0,169.7548014507498,339.5096029014996,0.0,0
6,299.97,273,299.9735001229236,0.634,2.1,2.1,Null,0.0,169.75113275819365,339.5022655163873,0.0,0
7,299.97,268,299.9735001229236,0.775,2.1,2.1,Null,0.0,169.74838123877657,339.49676247755315,0.0,0
8,299.97,265,299.9735001229236,0.862,2.1,2.1,Null,0.0,169.74624116811881,339.49248233623763,0.0,0
9,299.97,259,299.9735001229236,0.997,2.1,2.1,Null,0.0,169.74452911159264,339.4890582231853,0.0,0
10,299.97,256,299.9735001229236,1.078,2.1,2.1,Null,0.0,169.74312833807122,339.48625667614243,0.0,0
