,bg,eq_BG,CGM_glucose,IOB,rate,running_temp,unsafe_action_reason,LBGI,HBGI,BGI,Label,detection
0,160.02,162,320.0,-0.05,2.1,0.0,Null,0.0,193.03371819624064,386.0674363924813,0.0,0
1,80240.0,80242,320.0,-0.05,2.1,2.1,Null,0.0,193.03371819624064,386.0674363924813,0.0,0
2,40040240.0,40040242,320.0,-0.05,2.1,2.1,Null,0.0,193.03371819624064,386.0674363924813,0.0,0
3,20020040240.0,20020040242,320.0,-0.05,2.1,2.1,Null,0.0,193.03371819624064,386.0674363924813,0.0,0
4,10010020040240.0,10010020040242,320.0,-0.05,2.1,2.1,Null,0.0,193.03371819624064,386.0674363924813,0.0,0
