,bg,eq_BG,CGM_glucose,IOB,rate,running_temp,unsafe_action_reason,LBGI,HBGI,BGI,Label,detection
0,50.01,52,100.0,-0.05,0.0,0.0,Null,2.410255627044251,0.0,4.820511254088502,0.0,0
1,25075.0,25077,100.0,-0.05,2.1,0.0,Null,2.410255627044251,0.0,4.820511254088502,0.0,0
2,12512575.0,12512573,100.0,0.05,2.1,2.1,Null,2.410255627044251,0.0,4.820511254088502,0.0,0
3,6256262575.0,6256262573,100.0,0.05,2.1,2.1,Null,2.410255627044251,0.0,4.820511254088502,0.0,0
4,3128131262575.0,3128131262573,100.0,0.05,2.1,2.1,Null,2.410255627044251,0.0,4.820511254088502,0.0,0
