,bg,eq_BG,CGM_glucose,IOB,rate,running_temp,unsafe_action_reason,LBGI,HBGI,BGI,Label,detection
0,80.01,82,160.0,-0.05,0.0,0.0,row_37,0.0,21.656145843721255,43.31229168744251,0.0,100
1,40120.0,40122,160.0,-0.05,2.1,0.0,Null,0.0,21.656145843721255,43.31229168744251,0.0,0
2,20020120.0,20020118,160.0,0.05,2.1,2.1,Null,0.0,21.656145843721255,43.31229168744251,0.0,0
3,10010020120.0,10010020118,160.0,0.05,2.1,2.1,Null,0.0,21.656145843721255,43.31229168744251,0.0,0
4,5005010020120.0,5005010020118,160.0,0.05,2.1,2.1,Null,0.0,21.656145843721255,43.31229168744251,0.0,0
