,bg,eq_BG,CGM_glucose,IOB,rate,running_temp,unsafe_action_reason,LBGI,HBGI,BGI,Label,detection
0,300.0,305,300.0,-0.1,2.1,0.0,Null,0.0,169.75993762032834,339.5198752406567,0.0,0
1,300.0,296,300.0,0.1,2.1,2.1,Null,0.0,169.75993762032834,339.5198752406567,0.0,0
2,300.0,291,300.0,0.2,2.1,2.1,Null,0.0,169.75993762032834,339.5198752406567,0.0,0
3,300.0,300,300.0,0.0,2.1,0.0,Null,0.0,169.75993762032834,339.5198752406567,0.0,0
4,299.99,293,299.98974011834014,0.15,2.1,2.1,Null,0.0,169.75755135028152,339.51510270056303,0.0,0
5,299.95,289,299.95161150808394,0.249,2.1,2.1,Null,0.0,169.7485704857736,339.4971409715472,0.0,0
6,299.88,282,299.8752194703476,0.397,2.1,2.1,Null,0.0,169.72946468637315,339.4589293727463,0.0,0
7,299.74,278,299.7436649665611,0.493,2.1,2.1,Null,0.0,169.69601253481156,339.3920250696231,0.0,0
8,299.54,274,299.5357416745722,0.587,2.1,2.1,Null,0.0,169.64312926008918,339.28625852017836,0.0,0
9,149.61,122,299.2277300459595,0.629,0.7,2.1,Null,0.0,169.5650067456737,339.1300134913474,0.0,0
