,bg,eq_BG,CGM_glucose,IOB,rate,running_temp,unsafe_action_reason,LBGI,HBGI,BGI,Label,detection
0,280,285,280.0,-0.1,2.1,0.0,Null,0.0,146.5547109009785,293.109421801957,0.0,0
1,280,276,280.0,0.1,2.1,2.1,Null,0.0,146.5547109009785,293.109421801957,0.0,0
2,280,271,280.0,0.2,2.1,2.1,Null,0.0,146.55471090097853,293.10942180195707,0.0,0
3,280,280,280.0,0.0,2.1,0.0,Null,0.0,146.5547109009785,293.109421801957,0.0,0
4,280,273,280.0,0.15,2.1,2.1,Null,0.0,146.5547109009785,293.109421801957,0.0,0
5,280,269,280.0,0.249,2.1,2.1,Null,0.0,146.5547109009785,293.109421801957,0.0,0
